village_id,type,url,note
10018030002,tw.all,https://119.hccg.gov.tw/chhcfd/app/data/doc?module=evacuationMap&detailNo=1169854740876496896&type=s&id=45&serno=a307c8f6-ddfa-4f52-9400-501c8d907121,1
10018030002,en.all,https://119.hccg.gov.tw/chhcfd/app/data/doc?module=evacuationMap&detailNo=1169854740876496896&type=s&id=45&serno=a307c8f6-ddfa-4f52-9400-501c8d907121,2
10018010011,tw.all,https://119.hccg.gov.tw/chhcfd/app/data/doc?module=evacuationMap&detailNo=1169552158459170816&type=s&id=45&serno=c74903bf-6069-45be-9cdb-c4e543a98063,1
10018010011,en.all,https://119.hccg.gov.tw/chhcfd/app/data/doc?module=evacuationMap&detailNo=1169552158459170816&type=s&id=45&serno=c74903bf-6069-45be-9cdb-c4e543a98063,2
10018010017,tw.all,https://119.hccg.gov.tw/chhcfd/app/data/doc?module=evacuationMap&detailNo=1169552052435554304&type=s&id=45&serno=4eeb2300-b276-4d88-a01a-7b9f7277c126,1
10018010017,en.all,https://119.hccg.gov.tw/chhcfd/app/data/doc?module=evacuationMap&detailNo=1169552052435554304&type=s&id=45&serno=4eeb2300-b276-4d88-a01a-7b9f7277c126,2
10018010005,tw.all,https://119.hccg.gov.tw/chhcfd/app/data/doc?module=evacuationMap&detailNo=1169551781038919680&type=s&id=45&serno=ac145c88-fec6-4ca9-bbb4-6c9a354dd31f,1
10018010005,en.all,https://119.hccg.gov.tw/chhcfd/app/data/doc?module=evacuationMap&detailNo=1169551781038919680&type=s&id=45&serno=ac145c88-fec6-4ca9-bbb4-6c9a354dd31f,2
10018010007,tw.all,https://119.hccg.gov.tw/chhcfd/app/data/doc?module=evacuationMap&detailNo=1169550525662760960&type=s&id=45&serno=8c992d33-95c1-4bf3-8fed-c3628dd1b2f1,1
10018010007,en.all,https://119.hccg.gov.tw/chhcfd/app/data/doc?module=evacuationMap&detailNo=1169550525662760960&type=s&id=45&serno=8c992d33-95c1-4bf3-8fed-c3628dd1b2f1,2
10018010019,tw.all,https://119.hccg.gov.tw/chhcfd/app/data/doc?module=evacuationMap&detailNo=1169550377826127872&type=s&id=45&serno=e6176c98-ce80-489e-ad8b-0bec8758a09d,1
10018010019,en.all,https://119.hccg.gov.tw/chhcfd/app/data/doc?module=evacuationMap&detailNo=1169550377826127872&type=s&id=45&serno=e6176c98-ce80-489e-ad8b-0bec8758a09d,2
10018010006,tw.all,https://119.hccg.gov.tw/chhcfd/app/data/doc?module=evacuationMap&detailNo=1169550237354692608&type=s&id=45&serno=c8469d0d-9c0d-431b-afb6-1b593be8dbca,1
10018010006,en.all,https://119.hccg.gov.tw/chhcfd/app/data/doc?module=evacuationMap&detailNo=1169550237354692608&type=s&id=45&serno=c8469d0d-9c0d-431b-afb6-1b593be8dbca,2
10018010012,tw.all,https://119.hccg.gov.tw/chhcfd/app/data/doc?module=evacuationMap&detailNo=1169548939372793856&type=s&id=45&serno=57d48a10-64c8-471a-9231-eed9988ad9b5,1
10018010012,en.all,https://119.hccg.gov.tw/chhcfd/app/data/doc?module=evacuationMap&detailNo=1169548939372793856&type=s&id=45&serno=57d48a10-64c8-471a-9231-eed9988ad9b5,2
10018010051,tw.all,https://119.hccg.gov.tw/chhcfd/app/data/doc?module=evacuationMap&detailNo=1169548601005707264&type=s&id=45&serno=5ab03bad-78b4-498d-9f69-8c4d9f2ac5a7,1
10018010051,en.all,https://119.hccg.gov.tw/chhcfd/app/data/doc?module=evacuationMap&detailNo=1169548601005707264&type=s&id=45&serno=5ab03bad-78b4-498d-9f69-8c4d9f2ac5a7,2
10018010018,tw.all,https://119.hccg.gov.tw/chhcfd/app/data/doc?module=evacuationMap&detailNo=1169548216333504512&type=s&id=45&serno=7e03669f-83ba-4318-9cf3-4cfd4de3a601,1
10018010018,en.all,https://119.hccg.gov.tw/chhcfd/app/data/doc?module=evacuationMap&detailNo=1169548216333504512&type=s&id=45&serno=7e03669f-83ba-4318-9cf3-4cfd4de3a601,2
10018010050,tw.all,https://119.hccg.gov.tw/chhcfd/app/data/doc?module=evacuationMap&detailNo=1169547956194381824&type=s&id=45&serno=f80706a6-e4b3-4516-947f-dbf92cfaf2c3,1
10018010050,en.all,https://119.hccg.gov.tw/chhcfd/app/data/doc?module=evacuationMap&detailNo=1169547956194381824&type=s&id=45&serno=f80706a6-e4b3-4516-947f-dbf92cfaf2c3,2
10018010020,tw.all,https://119.hccg.gov.tw/chhcfd/app/data/doc?module=evacuationMap&detailNo=1169547703374319616&type=s&id=45&serno=99a162eb-d03b-4f85-9522-a995be18fcf8,1
10018010020,en.all,https://119.hccg.gov.tw/chhcfd/app/data/doc?module=evacuationMap&detailNo=1169547703374319616&type=s&id=45&serno=99a162eb-d03b-4f85-9522-a995be18fcf8,2
10018010021,tw.all,https://119.hccg.gov.tw/chhcfd/app/data/doc?module=evacuationMap&detailNo=1169546978489536512&type=s&id=45&serno=a02ed529-e46b-413a-be54-5eff01713b15,1
10018010021,en.all,https://119.hccg.gov.tw/chhcfd/app/data/doc?module=evacuationMap&detailNo=1169546978489536512&type=s&id=45&serno=a02ed529-e46b-413a-be54-5eff01713b15,2
10018010013,tw.all,https://119.hccg.gov.tw/chhcfd/app/data/doc?module=evacuationMap&detailNo=1169546753079250944&type=s&id=45&serno=1a9d9346-598c-47ae-9c0d-5a64419bc466,1
10018010013,en.all,https://119.hccg.gov.tw/chhcfd/app/data/doc?module=evacuationMap&detailNo=1169546753079250944&type=s&id=45&serno=1a9d9346-598c-47ae-9c0d-5a64419bc466,2
10018010048,tw.all,https://119.hccg.gov.tw/chhcfd/app/data/doc?module=evacuationMap&detailNo=1169546455891841024&type=s&id=45&serno=f9573dad-6070-4aed-9a8c-63f65bb0ecf5,1
10018010048,en.all,https://119.hccg.gov.tw/chhcfd/app/data/doc?module=evacuationMap&detailNo=1169546455891841024&type=s&id=45&serno=f9573dad-6070-4aed-9a8c-63f65bb0ecf5,2
10018010027,tw.all,https://119.hccg.gov.tw/chhcfd/app/data/doc?module=evacuationMap&detailNo=1169545986947682304&type=s&id=45&serno=782dea65-91f6-4130-b340-3ff96ce5e57d,1
10018010027,en.all,https://119.hccg.gov.tw/chhcfd/app/data/doc?module=evacuationMap&detailNo=1169545986947682304&type=s&id=45&serno=782dea65-91f6-4130-b340-3ff96ce5e57d,2
10018010026,tw.all,https://119.hccg.gov.tw/chhcfd/app/data/doc?module=evacuationMap&detailNo=1169545554485579776&type=s&id=45&serno=6e21c071-6a29-4506-b7a7-a74ee0151148,1
10018010026,en.all,https://119.hccg.gov.tw/chhcfd/app/data/doc?module=evacuationMap&detailNo=1169545554485579776&type=s&id=45&serno=6e21c071-6a29-4506-b7a7-a74ee0151148,2
10018010022,tw.all,https://119.hccg.gov.tw/chhcfd/app/data/doc?module=evacuationMap&detailNo=1169545406497951744&type=s&id=45&serno=77a05c38-65b5-4970-8c7c-b69c0ba682ec,1
10018010022,en.all,https://119.hccg.gov.tw/chhcfd/app/data/doc?module=evacuationMap&detailNo=1169545406497951744&type=s&id=45&serno=77a05c38-65b5-4970-8c7c-b69c0ba682ec,2
10018010023,tw.all,https://119.hccg.gov.tw/chhcfd/app/data/doc?module=evacuationMap&detailNo=1169545133339709440&type=s&id=45&serno=ab62590a-bb2e-4284-b2ed-b6cd655ed23f,1
10018010023,en.all,https://119.hccg.gov.tw/chhcfd/app/data/doc?module=evacuationMap&detailNo=1169545133339709440&type=s&id=45&serno=ab62590a-bb2e-4284-b2ed-b6cd655ed23f,2
10018010038,tw.all,https://119.hccg.gov.tw/chhcfd/app/data/doc?module=evacuationMap&detailNo=1169544642157350912&type=s&id=45&serno=47cc2785-8dd0-4bdd-a94f-6f6b766fcdaa,1
10018010038,en.all,https://119.hccg.gov.tw/chhcfd/app/data/doc?module=evacuationMap&detailNo=1169544642157350912&type=s&id=45&serno=47cc2785-8dd0-4bdd-a94f-6f6b766fcdaa,2
10018010039,tw.all,https://119.hccg.gov.tw/chhcfd/app/data/doc?module=evacuationMap&detailNo=1169543721100775424&type=s&id=45&serno=5b64aff2-25b4-4af9-b115-b91b2dc83440,1
10018010039,en.all,https://119.hccg.gov.tw/chhcfd/app/data/doc?module=evacuationMap&detailNo=1169543721100775424&type=s&id=45&serno=5b64aff2-25b4-4af9-b115-b91b2dc83440,2
10018010040,tw.all,https://119.hccg.gov.tw/chhcfd/app/data/doc?module=evacuationMap&detailNo=1169543518998237184&type=s&id=45&serno=0ef4acc5-0f03-4980-999e-d024402f5b87,1
10018010040,en.all,https://119.hccg.gov.tw/chhcfd/app/data/doc?module=evacuationMap&detailNo=1169543518998237184&type=s&id=45&serno=0ef4acc5-0f03-4980-999e-d024402f5b87,2
10018010024,tw.all,https://119.hccg.gov.tw/chhcfd/app/data/doc?module=evacuationMap&detailNo=1169543394062503936&type=s&id=45&serno=edc0dd65-0b17-40f8-b152-ffe0bdc3ee4a,1
10018010024,en.all,https://119.hccg.gov.tw/chhcfd/app/data/doc?module=evacuationMap&detailNo=1169543394062503936&type=s&id=45&serno=edc0dd65-0b17-40f8-b152-ffe0bdc3ee4a,2
10018010025,tw.all,https://119.hccg.gov.tw/chhcfd/app/data/doc?module=evacuationMap&detailNo=1169542921481883648&type=s&id=45&serno=0f68bffd-dbe5-4551-86c3-acf6f5447705,1
10018010025,en.all,https://119.hccg.gov.tw/chhcfd/app/data/doc?module=evacuationMap&detailNo=1169542921481883648&type=s&id=45&serno=0f68bffd-dbe5-4551-86c3-acf6f5447705,2
10018010036,tw.all,https://119.hccg.gov.tw/chhcfd/app/data/doc?module=evacuationMap&detailNo=1169542805631012864&type=s&id=45&serno=057f3f1e-497b-4d3d-8d8a-4b3149f50638,1
10018010036,en.all,https://119.hccg.gov.tw/chhcfd/app/data/doc?module=evacuationMap&detailNo=1169542805631012864&type=s&id=45&serno=057f3f1e-497b-4d3d-8d8a-4b3149f50638,2
10018010035,tw.all,https://119.hccg.gov.tw/chhcfd/app/data/doc?module=evacuationMap&detailNo=1169541909039812608&type=s&id=45&serno=f7f30afc-9ada-42ae-8c5f-1d7c2b08adf1,1
10018010035,en.all,https://119.hccg.gov.tw/chhcfd/app/data/doc?module=evacuationMap&detailNo=1169541909039812608&type=s&id=45&serno=f7f30afc-9ada-42ae-8c5f-1d7c2b08adf1,2
10018010037,tw.all,https://119.hccg.gov.tw/chhcfd/app/data/doc?module=evacuationMap&detailNo=1169541784586424320&type=s&id=45&serno=40d3aec8-4f4f-4c97-9bdc-3cca28eda14c,1
10018010037,en.all,https://119.hccg.gov.tw/chhcfd/app/data/doc?module=evacuationMap&detailNo=1169541784586424320&type=s&id=45&serno=40d3aec8-4f4f-4c97-9bdc-3cca28eda14c,2
10018010033,tw.all,https://119.hccg.gov.tw/chhcfd/app/data/doc?module=evacuationMap&detailNo=1169541429047857152&type=s&id=45&serno=3bb7acb0-8ea8-424b-9ded-afbff1f9eaef,1
10018010033,en.all,https://119.hccg.gov.tw/chhcfd/app/data/doc?module=evacuationMap&detailNo=1169541429047857152&type=s&id=45&serno=3bb7acb0-8ea8-424b-9ded-afbff1f9eaef,2
10018010042,tw.all,https://119.hccg.gov.tw/chhcfd/app/data/doc?module=evacuationMap&detailNo=1169540924867350528&type=s&id=45&serno=5115df0b-e176-4621-bf4e-c4d9679b68fc,1
10018010042,en.all,https://119.hccg.gov.tw/chhcfd/app/data/doc?module=evacuationMap&detailNo=1169540924867350528&type=s&id=45&serno=5115df0b-e176-4621-bf4e-c4d9679b68fc,2
10018010047,tw.all,https://119.hccg.gov.tw/chhcfd/app/data/doc?module=evacuationMap&detailNo=1169540511128621056&type=s&id=45&serno=965ff8d1-893d-4500-83f4-42c3c11ef84c,1
10018010047,en.all,https://119.hccg.gov.tw/chhcfd/app/data/doc?module=evacuationMap&detailNo=1169540511128621056&type=s&id=45&serno=965ff8d1-893d-4500-83f4-42c3c11ef84c,2
10018010041,tw.all,https://119.hccg.gov.tw/chhcfd/app/data/doc?module=evacuationMap&detailNo=1169540186535628800&type=s&id=45&serno=ec457096-1bcc-4ab8-8ac9-97024eb14b8a,1
10018010041,en.all,https://119.hccg.gov.tw/chhcfd/app/data/doc?module=evacuationMap&detailNo=1169540186535628800&type=s&id=45&serno=ec457096-1bcc-4ab8-8ac9-97024eb14b8a,2
10018010043,tw.all,https://119.hccg.gov.tw/chhcfd/app/data/doc?module=evacuationMap&detailNo=1169539758741786624&type=s&id=45&serno=36090cc0-d2f2-46f8-8540-924f66c82396,1
10018010043,en.all,https://119.hccg.gov.tw/chhcfd/app/data/doc?module=evacuationMap&detailNo=1169539758741786624&type=s&id=45&serno=36090cc0-d2f2-46f8-8540-924f66c82396,2
10018010046,tw.all,https://119.hccg.gov.tw/chhcfd/app/data/doc?module=evacuationMap&detailNo=1169539626231140352&type=s&id=45&serno=49e28bbe-4617-4f01-bdfa-67e2811224e2,1
10018010046,en.all,https://119.hccg.gov.tw/chhcfd/app/data/doc?module=evacuationMap&detailNo=1169539626231140352&type=s&id=45&serno=49e28bbe-4617-4f01-bdfa-67e2811224e2,2
10018010045,tw.all,https://119.hccg.gov.tw/chhcfd/app/data/doc?module=evacuationMap&detailNo=1169539361662832640&type=s&id=45&serno=dda955d8-490c-4bdd-a9a5-eab74212d312,1
10018010045,en.all,https://119.hccg.gov.tw/chhcfd/app/data/doc?module=evacuationMap&detailNo=1169539361662832640&type=s&id=45&serno=dda955d8-490c-4bdd-a9a5-eab74212d312,2
10018010044,tw.all,https://119.hccg.gov.tw/chhcfd/app/data/doc?module=evacuationMap&detailNo=1169538745368580096&type=s&id=45&serno=f3bbdb3a-c356-4f99-8c86-ba20e6e46bfe,1
10018010044,en.all,https://119.hccg.gov.tw/chhcfd/app/data/doc?module=evacuationMap&detailNo=1169538745368580096&type=s&id=45&serno=f3bbdb3a-c356-4f99-8c86-ba20e6e46bfe,2
10018010032,tw.all,https://119.hccg.gov.tw/chhcfd/app/data/doc?module=evacuationMap&detailNo=1169538175308140544&type=s&id=45&serno=0493bc95-eafe-4c97-a559-c68150473321,1
10018010032,en.all,https://119.hccg.gov.tw/chhcfd/app/data/doc?module=evacuationMap&detailNo=1169538175308140544&type=s&id=45&serno=0493bc95-eafe-4c97-a559-c68150473321,2
10018010004,tw.all,https://119.hccg.gov.tw/chhcfd/app/data/doc?module=evacuationMap&detailNo=1169537888312889344&type=s&id=45&serno=c7a4c282-86e0-4ce0-83ac-c5fa95a1361f,1
10018010004,en.all,https://119.hccg.gov.tw/chhcfd/app/data/doc?module=evacuationMap&detailNo=1169537888312889344&type=s&id=45&serno=c7a4c282-86e0-4ce0-83ac-c5fa95a1361f,2
10018010001,tw.all,https://119.hccg.gov.tw/chhcfd/app/data/doc?module=evacuationMap&detailNo=1169537476411265024&type=s&id=45&serno=b185b5ce-4a3d-474e-b5d8-8d664daed402,1
10018010001,en.all,https://119.hccg.gov.tw/chhcfd/app/data/doc?module=evacuationMap&detailNo=1169537476411265024&type=s&id=45&serno=b185b5ce-4a3d-474e-b5d8-8d664daed402,2
10018010003,tw.all,https://119.hccg.gov.tw/chhcfd/app/data/doc?module=evacuationMap&detailNo=1169537127034130432&type=s&id=45&serno=1dc7deb3-c02f-4900-974b-df1d8c17b38d,1
10018010003,en.all,https://119.hccg.gov.tw/chhcfd/app/data/doc?module=evacuationMap&detailNo=1169537127034130432&type=s&id=45&serno=1dc7deb3-c02f-4900-974b-df1d8c17b38d,2
10018010002,tw.all,https://119.hccg.gov.tw/chhcfd/app/data/doc?module=evacuationMap&detailNo=1169536814550093824&type=s&id=45&serno=f6c6c205-5da1-46cf-ab38-86da1345fc55,1
10018010002,en.all,https://119.hccg.gov.tw/chhcfd/app/data/doc?module=evacuationMap&detailNo=1169536814550093824&type=s&id=45&serno=f6c6c205-5da1-46cf-ab38-86da1345fc55,2
10018010016,tw.all,https://119.hccg.gov.tw/chhcfd/app/data/doc?module=evacuationMap&detailNo=1169536595859083264&type=s&id=45&serno=1c57d7dc-9acb-466e-bf7a-a6961c1e485c,1
10018010016,en.all,https://119.hccg.gov.tw/chhcfd/app/data/doc?module=evacuationMap&detailNo=1169536595859083264&type=s&id=45&serno=1c57d7dc-9acb-466e-bf7a-a6961c1e485c,2
10018010029,tw.all,https://119.hccg.gov.tw/chhcfd/app/data/doc?module=evacuationMap&detailNo=1169536465458171904&type=s&id=45&serno=10876e87-1651-4c34-ba05-b7f97ec20ee8,1
10018010029,en.all,https://119.hccg.gov.tw/chhcfd/app/data/doc?module=evacuationMap&detailNo=1169536465458171904&type=s&id=45&serno=10876e87-1651-4c34-ba05-b7f97ec20ee8,2
10018010010,tw.all,https://119.hccg.gov.tw/chhcfd/app/data/doc?module=evacuationMap&detailNo=1169536348663582720&type=s&id=45&serno=a1f6d0ff-354e-4784-88b0-57613d991f26,1
10018010010,en.all,https://119.hccg.gov.tw/chhcfd/app/data/doc?module=evacuationMap&detailNo=1169536348663582720&type=s&id=45&serno=a1f6d0ff-354e-4784-88b0-57613d991f26,2
10018010009,tw.all,https://119.hccg.gov.tw/chhcfd/app/data/doc?module=evacuationMap&detailNo=1169535786261942272&type=s&id=45&serno=dd9faa79-9ce5-459b-a029-756280e163e1,1
10018010009,en.all,https://119.hccg.gov.tw/chhcfd/app/data/doc?module=evacuationMap&detailNo=1169535786261942272&type=s&id=45&serno=dd9faa79-9ce5-459b-a029-756280e163e1,2
10018010008,tw.all,https://119.hccg.gov.tw/chhcfd/app/data/doc?module=evacuationMap&detailNo=1169535608125657088&type=s&id=45&serno=b22bede3-4cda-40f0-a7ba-2200d4174c2f,1
10018010008,en.all,https://119.hccg.gov.tw/chhcfd/app/data/doc?module=evacuationMap&detailNo=1169535608125657088&type=s&id=45&serno=b22bede3-4cda-40f0-a7ba-2200d4174c2f,2
10018010014,tw.all,https://119.hccg.gov.tw/chhcfd/app/data/doc?module=evacuationMap&detailNo=1169535503360331776&type=s&id=45&serno=cec5f38a-2ca6-4d27-ab5b-d5441e621303,1
10018010014,en.all,https://119.hccg.gov.tw/chhcfd/app/data/doc?module=evacuationMap&detailNo=1169535503360331776&type=s&id=45&serno=cec5f38a-2ca6-4d27-ab5b-d5441e621303,2
10018010015,tw.all,https://119.hccg.gov.tw/chhcfd/app/data/doc?module=evacuationMap&detailNo=1169535335655280640&type=s&id=45&serno=f4bc8bae-e902-41b1-8951-7c175825e119,1
10018010015,en.all,https://119.hccg.gov.tw/chhcfd/app/data/doc?module=evacuationMap&detailNo=1169535335655280640&type=s&id=45&serno=f4bc8bae-e902-41b1-8951-7c175825e119,2
10018010049,tw.all,https://119.hccg.gov.tw/chhcfd/app/data/doc?module=evacuationMap&detailNo=1169535185939599360&type=s&id=45&serno=4d5b521a-f129-485b-9033-1bb5fb60db65,1
10018010049,en.all,https://119.hccg.gov.tw/chhcfd/app/data/doc?module=evacuationMap&detailNo=1169535185939599360&type=s&id=45&serno=4d5b521a-f129-485b-9033-1bb5fb60db65,2
10018010028,tw.all,https://119.hccg.gov.tw/chhcfd/app/data/doc?module=evacuationMap&detailNo=1169535022789562368&type=s&id=45&serno=ffad6bbf-91b6-4764-8d1c-387b0ac78695,1
10018010028,en.all,https://119.hccg.gov.tw/chhcfd/app/data/doc?module=evacuationMap&detailNo=1169535022789562368&type=s&id=45&serno=ffad6bbf-91b6-4764-8d1c-387b0ac78695,2
10018010031,tw.all,https://119.hccg.gov.tw/chhcfd/app/data/doc?module=evacuationMap&detailNo=1169533966462488576&type=s&id=45&serno=1ade3a79-2eb0-496b-bd0a-7a5712b4c252,1
10018010031,en.all,https://119.hccg.gov.tw/chhcfd/app/data/doc?module=evacuationMap&detailNo=1169533966462488576&type=s&id=45&serno=1ade3a79-2eb0-496b-bd0a-7a5712b4c252,2
10018010052,tw.all,https://119.hccg.gov.tw/chhcfd/app/data/doc?module=evacuationMap&detailNo=1169533693761425408&type=s&id=45&serno=6779f6e9-6e39-408e-b924-c2fcc0f349ce,1
10018010052,en.all,https://119.hccg.gov.tw/chhcfd/app/data/doc?module=evacuationMap&detailNo=1169533693761425408&type=s&id=45&serno=6779f6e9-6e39-408e-b924-c2fcc0f349ce,2
10018010030,tw.all,https://119.hccg.gov.tw/chhcfd/app/data/doc?module=evacuationMap&detailNo=1169533551092174848&type=s&id=45&serno=b7d5c5b3-bb9d-4b69-839a-94319163c857,1
10018010030,en.all,https://119.hccg.gov.tw/chhcfd/app/data/doc?module=evacuationMap&detailNo=1169533551092174848&type=s&id=45&serno=b7d5c5b3-bb9d-4b69-839a-94319163c857,2
10018010053,tw.all,https://119.hccg.gov.tw/chhcfd/app/data/doc?module=evacuationMap&detailNo=1169533345936183296&type=s&id=45&serno=10a9fcc6-2910-4e5c-b3e9-d8c9a2d9c11f,1
10018010053,en.all,https://119.hccg.gov.tw/chhcfd/app/data/doc?module=evacuationMap&detailNo=1169533345936183296&type=s&id=45&serno=10a9fcc6-2910-4e5c-b3e9-d8c9a2d9c11f,2
10018010054,tw.all,https://119.hccg.gov.tw/chhcfd/app/data/doc?module=evacuationMap&detailNo=1169533255834144768&type=s&id=45&serno=8a5ae4b1-e2ae-481f-82af-6f14b6d018ca,1
10018010054,en.all,https://119.hccg.gov.tw/chhcfd/app/data/doc?module=evacuationMap&detailNo=1169533255834144768&type=s&id=45&serno=8a5ae4b1-e2ae-481f-82af-6f14b6d018ca,2
10018030012,tw.all,https://119.hccg.gov.tw/chhcfd/app/data/doc?module=evacuationMap&detailNo=1169532121488822272&type=s&id=45&serno=7b5fa701-d5b7-47cf-9297-c5d31257703a,1
10018030012,en.all,https://119.hccg.gov.tw/chhcfd/app/data/doc?module=evacuationMap&detailNo=1169532121488822272&type=s&id=45&serno=7b5fa701-d5b7-47cf-9297-c5d31257703a,2
10018030009,tw.all,https://119.hccg.gov.tw/chhcfd/app/data/doc?module=evacuationMap&detailNo=1169531825299656704&type=s&id=45&serno=cbb1d23b-62cb-401a-b626-96a974451446,1
10018030009,en.all,https://119.hccg.gov.tw/chhcfd/app/data/doc?module=evacuationMap&detailNo=1169531825299656704&type=s&id=45&serno=cbb1d23b-62cb-401a-b626-96a974451446,2
10018030024,tw.all,https://119.hccg.gov.tw/chhcfd/app/data/doc?module=evacuationMap&detailNo=1169531711495606272&type=s&id=45&serno=b202d9d0-b898-4e1e-b3a0-d8e417cacaa5,1
10018030024,en.all,https://119.hccg.gov.tw/chhcfd/app/data/doc?module=evacuationMap&detailNo=1169531711495606272&type=s&id=45&serno=b202d9d0-b898-4e1e-b3a0-d8e417cacaa5,2
10018030007,tw.all,https://119.hccg.gov.tw/chhcfd/app/data/doc?module=evacuationMap&detailNo=1169531386948751360&type=s&id=45&serno=ae3724c7-bd72-43ee-9397-365b9200c40e,1
10018030007,en.all,https://119.hccg.gov.tw/chhcfd/app/data/doc?module=evacuationMap&detailNo=1169531386948751360&type=s&id=45&serno=ae3724c7-bd72-43ee-9397-365b9200c40e,2
10018030006,tw.all,https://119.hccg.gov.tw/chhcfd/app/data/doc?module=evacuationMap&detailNo=1169531237732192256&type=s&id=45&serno=34b2ef8e-206c-414c-ba45-51d4eefd760b,1
10018030006,en.all,https://119.hccg.gov.tw/chhcfd/app/data/doc?module=evacuationMap&detailNo=1169531237732192256&type=s&id=45&serno=34b2ef8e-206c-414c-ba45-51d4eefd760b,2
10018030008,tw.all,https://119.hccg.gov.tw/chhcfd/app/data/doc?module=evacuationMap&detailNo=1169531046656479232&type=s&id=45&serno=ffee91a5-1080-4c91-9ee5-16482810bb69,1
10018030008,en.all,https://119.hccg.gov.tw/chhcfd/app/data/doc?module=evacuationMap&detailNo=1169531046656479232&type=s&id=45&serno=ffee91a5-1080-4c91-9ee5-16482810bb69,2
10018030003,tw.all,https://119.hccg.gov.tw/chhcfd/app/data/doc?module=evacuationMap&detailNo=1169530659702575104&type=s&id=45&serno=218e17bf-8452-48e4-8a47-ea893046e520,1
10018030003,en.all,https://119.hccg.gov.tw/chhcfd/app/data/doc?module=evacuationMap&detailNo=1169530659702575104&type=s&id=45&serno=218e17bf-8452-48e4-8a47-ea893046e520,2
10018030001,tw.all,https://119.hccg.gov.tw/chhcfd/app/data/doc?module=evacuationMap&detailNo=1169530552169009152&type=s&id=45&serno=ab8a1a1c-b805-4d72-809c-2ca00e02a60a,1
10018030001,en.all,https://119.hccg.gov.tw/chhcfd/app/data/doc?module=evacuationMap&detailNo=1169530552169009152&type=s&id=45&serno=ab8a1a1c-b805-4d72-809c-2ca00e02a60a,2
10018030013,tw.all,https://119.hccg.gov.tw/chhcfd/app/data/doc?module=evacuationMap&detailNo=1169530298111627264&type=s&id=45&serno=ef5700b1-bf32-4b3e-8dbc-307ecedc3e20,1
10018030013,en.all,https://119.hccg.gov.tw/chhcfd/app/data/doc?module=evacuationMap&detailNo=1169530298111627264&type=s&id=45&serno=ef5700b1-bf32-4b3e-8dbc-307ecedc3e20,2
10018030010,tw.all,https://119.hccg.gov.tw/chhcfd/app/data/doc?module=evacuationMap&detailNo=1169530012932509696&type=s&id=45&serno=c8685f85-6177-4bd9-a2bc-fc41e3871b14,1
10018030010,en.all,https://119.hccg.gov.tw/chhcfd/app/data/doc?module=evacuationMap&detailNo=1169530012932509696&type=s&id=45&serno=c8685f85-6177-4bd9-a2bc-fc41e3871b14,2
10018030014,tw.all,https://119.hccg.gov.tw/chhcfd/app/data/doc?module=evacuationMap&detailNo=1169529917524676608&type=s&id=45&serno=00860282-ff22-4196-96d1-b41fc31bb09c,1
10018030014,en.all,https://119.hccg.gov.tw/chhcfd/app/data/doc?module=evacuationMap&detailNo=1169529917524676608&type=s&id=45&serno=00860282-ff22-4196-96d1-b41fc31bb09c,2
10018030010,tw.all,https://119.hccg.gov.tw/chhcfd/app/data/doc?module=evacuationMap&detailNo=1169529800168050688&type=s&id=45&serno=ae011fb8-3482-4649-a652-10890251bc6e,1
10018030010,en.all,https://119.hccg.gov.tw/chhcfd/app/data/doc?module=evacuationMap&detailNo=1169529800168050688&type=s&id=45&serno=ae011fb8-3482-4649-a652-10890251bc6e,2
10018030015,tw.all,https://119.hccg.gov.tw/chhcfd/app/data/doc?module=evacuationMap&detailNo=1169529634543374336&type=s&id=45&serno=131b8b9b-3421-4b1b-b8b2-25513bf8acd0,1
10018030015,en.all,https://119.hccg.gov.tw/chhcfd/app/data/doc?module=evacuationMap&detailNo=1169529634543374336&type=s&id=45&serno=131b8b9b-3421-4b1b-b8b2-25513bf8acd0,2
10018030005,tw.all,https://119.hccg.gov.tw/chhcfd/app/data/doc?module=evacuationMap&detailNo=1169529422252871680&type=s&id=45&serno=d00551fc-cd57-4d79-8af9-85dece4c2c06,1
10018030005,en.all,https://119.hccg.gov.tw/chhcfd/app/data/doc?module=evacuationMap&detailNo=1169529422252871680&type=s&id=45&serno=d00551fc-cd57-4d79-8af9-85dece4c2c06,2
10018030004,tw.all,https://119.hccg.gov.tw/chhcfd/app/data/doc?module=evacuationMap&detailNo=1169529306821431296&type=s&id=45&serno=38a5d03e-1530-43cd-82b2-1f9f4e806ef2,1
10018030004,en.all,https://119.hccg.gov.tw/chhcfd/app/data/doc?module=evacuationMap&detailNo=1169529306821431296&type=s&id=45&serno=38a5d03e-1530-43cd-82b2-1f9f4e806ef2,2
10018030016,tw.all,https://119.hccg.gov.tw/chhcfd/app/data/doc?module=evacuationMap&detailNo=1169529180677738496&type=s&id=45&serno=2adcafde-6676-4317-9706-317b26a08d68,1
10018030016,en.all,https://119.hccg.gov.tw/chhcfd/app/data/doc?module=evacuationMap&detailNo=1169529180677738496&type=s&id=45&serno=2adcafde-6676-4317-9706-317b26a08d68,2
10018030022,tw.all,https://119.hccg.gov.tw/chhcfd/app/data/doc?module=evacuationMap&detailNo=1169528953648451584&type=s&id=45&serno=f38753d0-1804-4433-be10-a773d566b599,1
10018030022,en.all,https://119.hccg.gov.tw/chhcfd/app/data/doc?module=evacuationMap&detailNo=1169528953648451584&type=s&id=45&serno=f38753d0-1804-4433-be10-a773d566b599,2
10018030021,tw.all,https://119.hccg.gov.tw/chhcfd/app/data/doc?module=evacuationMap&detailNo=1169528859469549568&type=s&id=45&serno=e3b47b49-1311-404c-8b0c-25bdd821d71c,1
10018030021,en.all,https://119.hccg.gov.tw/chhcfd/app/data/doc?module=evacuationMap&detailNo=1169528859469549568&type=s&id=45&serno=e3b47b49-1311-404c-8b0c-25bdd821d71c,2
10018030023,tw.all,https://119.hccg.gov.tw/chhcfd/app/data/doc?module=evacuationMap&detailNo=1169528756419694592&type=s&id=45&serno=5a2b4380-c42d-4b96-bf95-fc53ebef692e,1
10018030023,en.all,https://119.hccg.gov.tw/chhcfd/app/data/doc?module=evacuationMap&detailNo=1169528756419694592&type=s&id=45&serno=5a2b4380-c42d-4b96-bf95-fc53ebef692e,2
10018030020,tw.all,https://119.hccg.gov.tw/chhcfd/app/data/doc?module=evacuationMap&detailNo=1169528644725379072&type=s&id=45&serno=197be7f0-b779-4fbf-aa95-bf1341a92876,1
10018030020,en.all,https://119.hccg.gov.tw/chhcfd/app/data/doc?module=evacuationMap&detailNo=1169528644725379072&type=s&id=45&serno=197be7f0-b779-4fbf-aa95-bf1341a92876,2
10018030019,tw.all,https://119.hccg.gov.tw/chhcfd/app/data/doc?module=evacuationMap&detailNo=1169528560323399680&type=s&id=45&serno=6c6b83cc-07dc-49d9-b7a4-4389cd676f7e,1
10018030019,en.all,https://119.hccg.gov.tw/chhcfd/app/data/doc?module=evacuationMap&detailNo=1169528560323399680&type=s&id=45&serno=6c6b83cc-07dc-49d9-b7a4-4389cd676f7e,2
10018030018,tw.all,https://119.hccg.gov.tw/chhcfd/app/data/doc?module=evacuationMap&detailNo=1169528226834288640&type=s&id=45&serno=7a20672e-94bc-47b0-958b-9acf5db7c5ce,1
10018030018,en.all,https://119.hccg.gov.tw/chhcfd/app/data/doc?module=evacuationMap&detailNo=1169528226834288640&type=s&id=45&serno=7a20672e-94bc-47b0-958b-9acf5db7c5ce,2
10018030017,tw.all,https://119.hccg.gov.tw/chhcfd/app/data/doc?module=evacuationMap&detailNo=1169528128960204800&type=s&id=45&serno=6349ed89-7e99-4720-a6ed-ebd7918ba85e,1
10018030017,en.all,https://119.hccg.gov.tw/chhcfd/app/data/doc?module=evacuationMap&detailNo=1169528128960204800&type=s&id=45&serno=6349ed89-7e99-4720-a6ed-ebd7918ba85e,2
10018020001,tw.all,https://119.hccg.gov.tw/chhcfd/app/data/doc?module=evacuationMap&detailNo=1169525617910091776&type=s&id=45&serno=d39a9289-556c-4e34-ba58-0437eae2685d,1
10018020001,en.all,https://119.hccg.gov.tw/chhcfd/app/data/doc?module=evacuationMap&detailNo=1169525617910091776&type=s&id=45&serno=d39a9289-556c-4e34-ba58-0437eae2685d,2
10018020003,tw.all,https://119.hccg.gov.tw/chhcfd/app/data/doc?module=evacuationMap&detailNo=1169525476792733696&type=s&id=45&serno=17045892-766a-41d4-b95e-4e88025d9b2f,1
10018020003,en.all,https://119.hccg.gov.tw/chhcfd/app/data/doc?module=evacuationMap&detailNo=1169525476792733696&type=s&id=45&serno=17045892-766a-41d4-b95e-4e88025d9b2f,2
10018020004,tw.all,https://119.hccg.gov.tw/chhcfd/app/data/doc?module=evacuationMap&detailNo=1169525284651667456&type=s&id=45&serno=9be2f8f6-f5d3-4cf1-aa31-529e7624633b,1
10018020004,en.all,https://119.hccg.gov.tw/chhcfd/app/data/doc?module=evacuationMap&detailNo=1169525284651667456&type=s&id=45&serno=9be2f8f6-f5d3-4cf1-aa31-529e7624633b,2
10018020006,tw.all,https://119.hccg.gov.tw/chhcfd/app/data/doc?module=evacuationMap&detailNo=1169525181757001728&type=s&id=45&serno=70061fb3-e664-49a9-9cfa-85f8b79b1192,1
10018020006,en.all,https://119.hccg.gov.tw/chhcfd/app/data/doc?module=evacuationMap&detailNo=1169525181757001728&type=s&id=45&serno=70061fb3-e664-49a9-9cfa-85f8b79b1192,2
10018020002,tw.all,https://119.hccg.gov.tw/chhcfd/app/data/doc?module=evacuationMap&detailNo=1169524924092518400&type=s&id=45&serno=020fa747-cfc5-4a58-9c05-94f55eb1c49e,1
10018020002,en.all,https://119.hccg.gov.tw/chhcfd/app/data/doc?module=evacuationMap&detailNo=1169524924092518400&type=s&id=45&serno=020fa747-cfc5-4a58-9c05-94f55eb1c49e,2
10018020005,tw.all,https://119.hccg.gov.tw/chhcfd/app/data/doc?module=evacuationMap&detailNo=1169524810997305344&type=s&id=45&serno=d3e954e0-135b-417b-9c8e-3323bbcafff2,1
10018020005,en.all,https://119.hccg.gov.tw/chhcfd/app/data/doc?module=evacuationMap&detailNo=1169524810997305344&type=s&id=45&serno=d3e954e0-135b-417b-9c8e-3323bbcafff2,2
10018020007,tw.all,https://119.hccg.gov.tw/chhcfd/app/data/doc?module=evacuationMap&detailNo=1169524317940092928&type=s&id=45&serno=c39fbd84-cdde-4f4d-944d-79b4ec1cb1de,1
10018020007,en.all,https://119.hccg.gov.tw/chhcfd/app/data/doc?module=evacuationMap&detailNo=1169524317940092928&type=s&id=45&serno=c39fbd84-cdde-4f4d-944d-79b4ec1cb1de,2
10018020031,tw.all,https://119.hccg.gov.tw/chhcfd/app/data/doc?module=evacuationMap&detailNo=1169524069691822080&type=s&id=45&serno=e8eb7dea-f5fa-4bb1-953b-f4587e734e4b,1
10018020031,en.all,https://119.hccg.gov.tw/chhcfd/app/data/doc?module=evacuationMap&detailNo=1169524069691822080&type=s&id=45&serno=e8eb7dea-f5fa-4bb1-953b-f4587e734e4b,2
10018020044,tw.all,https://119.hccg.gov.tw/chhcfd/app/data/doc?module=evacuationMap&detailNo=1169523917413421056&type=s&id=45&serno=3c740982-6600-40cc-8edc-b9b86d27cc55,1
10018020044,en.all,https://119.hccg.gov.tw/chhcfd/app/data/doc?module=evacuationMap&detailNo=1169523917413421056&type=s&id=45&serno=3c740982-6600-40cc-8edc-b9b86d27cc55,2
10018020032,tw.all,https://119.hccg.gov.tw/chhcfd/app/data/doc?module=evacuationMap&detailNo=1169523709954756608&type=s&id=45&serno=e301ce69-0d38-4f94-af26-4cb7d8dee2a1,1
10018020032,en.all,https://119.hccg.gov.tw/chhcfd/app/data/doc?module=evacuationMap&detailNo=1169523709954756608&type=s&id=45&serno=e301ce69-0d38-4f94-af26-4cb7d8dee2a1,2
10018020033,tw.all,https://119.hccg.gov.tw/chhcfd/app/data/doc?module=evacuationMap&detailNo=1169523573115588608&type=s&id=45&serno=f7faf92a-6a14-4fbe-9eaf-85d72fe2b6dc,1
10018020033,en.all,https://119.hccg.gov.tw/chhcfd/app/data/doc?module=evacuationMap&detailNo=1169523573115588608&type=s&id=45&serno=f7faf92a-6a14-4fbe-9eaf-85d72fe2b6dc,2
10018020030,tw.all,https://119.hccg.gov.tw/chhcfd/app/data/doc?module=evacuationMap&detailNo=1169523155471962112&type=s&id=45&serno=c917df61-85c6-4154-a321-6a1709c2c692,1
10018020030,en.all,https://119.hccg.gov.tw/chhcfd/app/data/doc?module=evacuationMap&detailNo=1169523155471962112&type=s&id=45&serno=c917df61-85c6-4154-a321-6a1709c2c692,2
10018020034,tw.all,https://119.hccg.gov.tw/chhcfd/app/data/doc?module=evacuationMap&detailNo=1169522984986087424&type=s&id=45&serno=d838d773-806f-4c31-94f1-ff2fc789860b,1
10018020034,en.all,https://119.hccg.gov.tw/chhcfd/app/data/doc?module=evacuationMap&detailNo=1169522984986087424&type=s&id=45&serno=d838d773-806f-4c31-94f1-ff2fc789860b,2
10018020035,tw.all,https://119.hccg.gov.tw/chhcfd/app/data/doc?module=evacuationMap&detailNo=1169522761404518400&type=s&id=45&serno=44125135-c936-468d-8668-42a53b59e893,1
10018020035,en.all,https://119.hccg.gov.tw/chhcfd/app/data/doc?module=evacuationMap&detailNo=1169522761404518400&type=s&id=45&serno=44125135-c936-468d-8668-42a53b59e893,2
10018020010,tw.all,https://119.hccg.gov.tw/chhcfd/app/data/doc?module=evacuationMap&detailNo=1169522653589934080&type=s&id=45&serno=73c8617c-1e04-4dd3-a33e-42a91b967223,1
10018020010,en.all,https://119.hccg.gov.tw/chhcfd/app/data/doc?module=evacuationMap&detailNo=1169522653589934080&type=s&id=45&serno=73c8617c-1e04-4dd3-a33e-42a91b967223,2
10018020011,tw.all,https://119.hccg.gov.tw/chhcfd/app/data/doc?module=evacuationMap&detailNo=1169522506374057984&type=s&id=45&serno=8f5c5b34-24d2-49a4-ac4f-8bfb6e34ad82,1
10018020011,en.all,https://119.hccg.gov.tw/chhcfd/app/data/doc?module=evacuationMap&detailNo=1169522506374057984&type=s&id=45&serno=8f5c5b34-24d2-49a4-ac4f-8bfb6e34ad82,2
10018020009,tw.all,https://119.hccg.gov.tw/chhcfd/app/data/doc?module=evacuationMap&detailNo=1169522353021915136&type=s&id=45&serno=19117e53-c222-464f-8af2-e0c1f818076b,1
10018020009,en.all,https://119.hccg.gov.tw/chhcfd/app/data/doc?module=evacuationMap&detailNo=1169522353021915136&type=s&id=45&serno=19117e53-c222-464f-8af2-e0c1f818076b,2
10018020013,tw.all,https://119.hccg.gov.tw/chhcfd/app/data/doc?module=evacuationMap&detailNo=1169522206997221376&type=s&id=45&serno=6a581b66-bc70-42cb-a6d9-3e294875c01e,1
10018020013,en.all,https://119.hccg.gov.tw/chhcfd/app/data/doc?module=evacuationMap&detailNo=1169522206997221376&type=s&id=45&serno=6a581b66-bc70-42cb-a6d9-3e294875c01e,2
10018020012,tw.all,https://119.hccg.gov.tw/chhcfd/app/data/doc?module=evacuationMap&detailNo=1169522023513198592&type=s&id=45&serno=f4c849aa-de17-4210-b841-b560c58316bc,1
10018020012,en.all,https://119.hccg.gov.tw/chhcfd/app/data/doc?module=evacuationMap&detailNo=1169522023513198592&type=s&id=45&serno=f4c849aa-de17-4210-b841-b560c58316bc,2
10018020008,tw.all,https://119.hccg.gov.tw/chhcfd/app/data/doc?module=evacuationMap&detailNo=1169521844424806400&type=s&id=45&serno=9af05ebc-d255-444b-8be7-465546ceb3b5,1
10018020008,en.all,https://119.hccg.gov.tw/chhcfd/app/data/doc?module=evacuationMap&detailNo=1169521844424806400&type=s&id=45&serno=9af05ebc-d255-444b-8be7-465546ceb3b5,2
10018020014,tw.all,https://119.hccg.gov.tw/chhcfd/app/data/doc?module=evacuationMap&detailNo=1169521471836393472&type=s&id=45&serno=5c66b033-6ae0-4738-a14a-c94541501bd5,1
10018020014,en.all,https://119.hccg.gov.tw/chhcfd/app/data/doc?module=evacuationMap&detailNo=1169521471836393472&type=s&id=45&serno=5c66b033-6ae0-4738-a14a-c94541501bd5,2
10018020037,tw.all,https://119.hccg.gov.tw/chhcfd/app/data/doc?module=evacuationMap&detailNo=1169521259529113600&type=s&id=45&serno=d5e026f4-61e0-449d-8794-aeff5b199bf9,1
10018020037,en.all,https://119.hccg.gov.tw/chhcfd/app/data/doc?module=evacuationMap&detailNo=1169521259529113600&type=s&id=45&serno=d5e026f4-61e0-449d-8794-aeff5b199bf9,2
10018020038,tw.all,https://119.hccg.gov.tw/chhcfd/app/data/doc?module=evacuationMap&detailNo=1169520767310761984&type=s&id=45&serno=37298b65-0452-4c37-9b63-64927aa96779,1
10018020038,en.all,https://119.hccg.gov.tw/chhcfd/app/data/doc?module=evacuationMap&detailNo=1169520767310761984&type=s&id=45&serno=37298b65-0452-4c37-9b63-64927aa96779,2
10018020016,tw.all,https://119.hccg.gov.tw/chhcfd/app/data/doc?module=evacuationMap&detailNo=1169520422249566208&type=s&id=45&serno=dbfc7aed-b83c-41e0-9ae0-8341a33560c5,1
10018020016,en.all,https://119.hccg.gov.tw/chhcfd/app/data/doc?module=evacuationMap&detailNo=1169520422249566208&type=s&id=45&serno=dbfc7aed-b83c-41e0-9ae0-8341a33560c5,2
10018020015,tw.all,https://119.hccg.gov.tw/chhcfd/app/data/doc?module=evacuationMap&detailNo=1169520178770219008&type=s&id=45&serno=9dd0fe94-3fa7-4749-a766-85da41d8cb76,1
10018020015,en.all,https://119.hccg.gov.tw/chhcfd/app/data/doc?module=evacuationMap&detailNo=1169520178770219008&type=s&id=45&serno=9dd0fe94-3fa7-4749-a766-85da41d8cb76,2
10018020045,tw.all,https://119.hccg.gov.tw/chhcfd/app/data/doc?module=evacuationMap&detailNo=1169520005176365056&type=s&id=45&serno=4c0aa25b-ee34-4ace-86be-3cfb54dff1f7,1
10018020045,en.all,https://119.hccg.gov.tw/chhcfd/app/data/doc?module=evacuationMap&detailNo=1169520005176365056&type=s&id=45&serno=4c0aa25b-ee34-4ace-86be-3cfb54dff1f7,2
10018020027,tw.all,https://119.hccg.gov.tw/chhcfd/app/data/doc?module=evacuationMap&detailNo=1169519876809691136&type=s&id=45&serno=7a6c1e9b-37e2-4487-ab28-74a8c249cd97,1
10018020027,en.all,https://119.hccg.gov.tw/chhcfd/app/data/doc?module=evacuationMap&detailNo=1169519876809691136&type=s&id=45&serno=7a6c1e9b-37e2-4487-ab28-74a8c249cd97,2
10018020025,tw.all,https://119.hccg.gov.tw/chhcfd/app/data/doc?module=evacuationMap&detailNo=1169519528757956608&type=s&id=45&serno=5419b911-8de0-43e0-9128-03b273baa4a8,1
10018020025,en.all,https://119.hccg.gov.tw/chhcfd/app/data/doc?module=evacuationMap&detailNo=1169519528757956608&type=s&id=45&serno=5419b911-8de0-43e0-9128-03b273baa4a8,2
10018020029,tw.all,https://119.hccg.gov.tw/chhcfd/app/data/doc?module=evacuationMap&detailNo=1169519325741060096&type=s&id=45&serno=4e42209c-a1b5-4075-ad3e-9a863a28a0c3,1
10018020029,en.all,https://119.hccg.gov.tw/chhcfd/app/data/doc?module=evacuationMap&detailNo=1169519325741060096&type=s&id=45&serno=4e42209c-a1b5-4075-ad3e-9a863a28a0c3,2
10018020028,tw.all,https://119.hccg.gov.tw/chhcfd/app/data/doc?module=evacuationMap&detailNo=1169519003333300224&type=s&id=45&serno=f6a05b04-8b05-4559-ad17-1d74716d3e4d,1
10018020028,en.all,https://119.hccg.gov.tw/chhcfd/app/data/doc?module=evacuationMap&detailNo=1169519003333300224&type=s&id=45&serno=f6a05b04-8b05-4559-ad17-1d74716d3e4d,2
10018020026,tw.all,https://119.hccg.gov.tw/chhcfd/app/data/doc?module=evacuationMap&detailNo=1169518760663453696&type=s&id=45&serno=134b05cb-e26b-45f8-8f25-912dba3542c1,1
10018020026,en.all,https://119.hccg.gov.tw/chhcfd/app/data/doc?module=evacuationMap&detailNo=1169518760663453696&type=s&id=45&serno=134b05cb-e26b-45f8-8f25-912dba3542c1,2
10018020024,tw.all,https://119.hccg.gov.tw/chhcfd/app/data/doc?module=evacuationMap&detailNo=1169518506174058496&type=s&id=45&serno=5be7980f-b842-4877-9228-802a489b58b0,1
10018020024,en.all,https://119.hccg.gov.tw/chhcfd/app/data/doc?module=evacuationMap&detailNo=1169518506174058496&type=s&id=45&serno=5be7980f-b842-4877-9228-802a489b58b0,2
10018020020,tw.all,https://119.hccg.gov.tw/chhcfd/app/data/doc?module=evacuationMap&detailNo=1169518245368041472&type=s&id=45&serno=5e6c4ce0-7fec-41d1-be15-ab4a085460d7,1
10018020020,en.all,https://119.hccg.gov.tw/chhcfd/app/data/doc?module=evacuationMap&detailNo=1169518245368041472&type=s&id=45&serno=5e6c4ce0-7fec-41d1-be15-ab4a085460d7,2
10018020018,tw.all,https://119.hccg.gov.tw/chhcfd/app/data/doc?module=evacuationMap&detailNo=1169517862000267264&type=s&id=45&serno=a15d5ba6-ba8c-422b-8917-f7bfe698ed47,1
10018020018,en.all,https://119.hccg.gov.tw/chhcfd/app/data/doc?module=evacuationMap&detailNo=1169517862000267264&type=s&id=45&serno=a15d5ba6-ba8c-422b-8917-f7bfe698ed47,2
10018020036,tw.all,https://119.hccg.gov.tw/chhcfd/app/data/doc?module=evacuationMap&detailNo=1169517649290334208&type=s&id=45&serno=7e402c32-f873-4b7c-984d-8e2886502dc0,1
10018020036,en.all,https://119.hccg.gov.tw/chhcfd/app/data/doc?module=evacuationMap&detailNo=1169517649290334208&type=s&id=45&serno=7e402c32-f873-4b7c-984d-8e2886502dc0,2
10018020019,tw.all,https://119.hccg.gov.tw/chhcfd/app/data/doc?module=evacuationMap&detailNo=1169517374685057024&type=s&id=45&serno=d8a6598a-954f-4817-8a59-a1f809d7fb0a,1
10018020019,en.all,https://119.hccg.gov.tw/chhcfd/app/data/doc?module=evacuationMap&detailNo=1169517374685057024&type=s&id=45&serno=d8a6598a-954f-4817-8a59-a1f809d7fb0a,2
10018020023,tw.all,https://119.hccg.gov.tw/chhcfd/app/data/doc?module=evacuationMap&detailNo=1169517223258099712&type=s&id=45&serno=2d5ca387-014a-47ca-8588-d8f96c5e0158,1
10018020023,en.all,https://119.hccg.gov.tw/chhcfd/app/data/doc?module=evacuationMap&detailNo=1169517223258099712&type=s&id=45&serno=2d5ca387-014a-47ca-8588-d8f96c5e0158,2
10018020041,tw.all,https://119.hccg.gov.tw/chhcfd/app/data/doc?module=evacuationMap&detailNo=1169517016772513792&type=s&id=45&serno=bef0ffcf-d5f1-4a9b-a68a-155cd1eb12ab,1
10018020041,en.all,https://119.hccg.gov.tw/chhcfd/app/data/doc?module=evacuationMap&detailNo=1169517016772513792&type=s&id=45&serno=bef0ffcf-d5f1-4a9b-a68a-155cd1eb12ab,2
10018020022,tw.all,https://119.hccg.gov.tw/chhcfd/app/data/doc?module=evacuationMap&detailNo=1169516863076438016&type=s&id=45&serno=45285dec-8945-4bf0-aec6-16bf6805ee60,1
10018020022,en.all,https://119.hccg.gov.tw/chhcfd/app/data/doc?module=evacuationMap&detailNo=1169516863076438016&type=s&id=45&serno=45285dec-8945-4bf0-aec6-16bf6805ee60,2
10018020042,tw.all,https://119.hccg.gov.tw/chhcfd/app/data/doc?module=evacuationMap&detailNo=1169516711783698432&type=s&id=45&serno=e8c965d7-5582-44c2-963b-b8c0472b7f87,1
10018020042,en.all,https://119.hccg.gov.tw/chhcfd/app/data/doc?module=evacuationMap&detailNo=1169516711783698432&type=s&id=45&serno=e8c965d7-5582-44c2-963b-b8c0472b7f87,2
10018020043,tw.all,https://119.hccg.gov.tw/chhcfd/app/data/doc?module=evacuationMap&detailNo=1169516358027710464&type=s&id=45&serno=14b25a94-a31c-4ec5-9d03-fc2a39ed1da7,1
10018020043,en.all,https://119.hccg.gov.tw/chhcfd/app/data/doc?module=evacuationMap&detailNo=1169516358027710464&type=s&id=45&serno=14b25a94-a31c-4ec5-9d03-fc2a39ed1da7,2
10018020040,tw.all,https://119.hccg.gov.tw/chhcfd/app/data/doc?module=evacuationMap&detailNo=1169516191618699264&type=s&id=45&serno=f1b6b71a-78f7-4016-9644-cb26fd1e1b75,1
10018020040,en.all,https://119.hccg.gov.tw/chhcfd/app/data/doc?module=evacuationMap&detailNo=1169516191618699264&type=s&id=45&serno=f1b6b71a-78f7-4016-9644-cb26fd1e1b75,2
10018020039,tw.all,https://119.hccg.gov.tw/chhcfd/app/data/doc?module=evacuationMap&detailNo=1169516047548551168&type=s&id=45&serno=59fc1989-0238-4eaa-8d50-c18d8ccc46f8,1
10018020039,en.all,https://119.hccg.gov.tw/chhcfd/app/data/doc?module=evacuationMap&detailNo=1169516047548551168&type=s&id=45&serno=59fc1989-0238-4eaa-8d50-c18d8ccc46f8,2
10018020017,tw.all,https://119.hccg.gov.tw/chhcfd/app/data/doc?module=evacuationMap&detailNo=1169515835966885888&type=s&id=45&serno=cf638a89-ffe9-4744-ab41-3994dc7469fa,1
10018020017,en.all,https://119.hccg.gov.tw/chhcfd/app/data/doc?module=evacuationMap&detailNo=1169515835966885888&type=s&id=45&serno=cf638a89-ffe9-4744-ab41-3994dc7469fa,2
10018020021,tw.all,https://119.hccg.gov.tw/chhcfd/app/data/doc?module=evacuationMap&detailNo=1169515637286899712&type=s&id=45&serno=7d45cd37-669e-4ca7-9eaf-2d59347769de,1
10018020021,en.all,https://119.hccg.gov.tw/chhcfd/app/data/doc?module=evacuationMap&detailNo=1169515637286899712&type=s&id=45&serno=7d45cd37-669e-4ca7-9eaf-2d59347769de,2
10017020001,tw.all,https://www.klfd.klcg.gov.tw/wSite/public/Attachment/023/f1668579695282.pdf,1
10017020002,tw.all,https://www.klfd.klcg.gov.tw/wSite/public/Attachment/023/f1668579695282.pdf,2
10017020003,tw.all,https://www.klfd.klcg.gov.tw/wSite/public/Attachment/023/f1668579695282.pdf,3
10017020004,tw.all,https://www.klfd.klcg.gov.tw/wSite/public/Attachment/023/f1668579695282.pdf,4
10017020005,tw.all,https://www.klfd.klcg.gov.tw/wSite/public/Attachment/023/f1668579695282.pdf,5
10017020006,tw.all,https://www.klfd.klcg.gov.tw/wSite/public/Attachment/023/f1668579695282.pdf,6
10017020007,tw.all,https://www.klfd.klcg.gov.tw/wSite/public/Attachment/023/f1668579695282.pdf,7
10017020008,tw.all,https://www.klfd.klcg.gov.tw/wSite/public/Attachment/023/f1668579695282.pdf,8
10017020009,tw.all,https://www.klfd.klcg.gov.tw/wSite/public/Attachment/023/f1668579695282.pdf,9
10017020010,tw.all,https://www.klfd.klcg.gov.tw/wSite/public/Attachment/023/f1668579695282.pdf,10
10017020011,tw.all,https://www.klfd.klcg.gov.tw/wSite/public/Attachment/023/f1668579695282.pdf,11
10017020012,tw.all,https://www.klfd.klcg.gov.tw/wSite/public/Attachment/023/f1668579695282.pdf,12
10017020013,tw.all,https://www.klfd.klcg.gov.tw/wSite/public/Attachment/023/f1668579695282.pdf,13
10017020014,tw.all,https://www.klfd.klcg.gov.tw/wSite/public/Attachment/023/f1668579695282.pdf,14
10017020015,tw.all,https://www.klfd.klcg.gov.tw/wSite/public/Attachment/023/f1668579695282.pdf,15
10017020016,tw.all,https://www.klfd.klcg.gov.tw/wSite/public/Attachment/023/f1668579695282.pdf,16
10017020017,tw.all,https://www.klfd.klcg.gov.tw/wSite/public/Attachment/023/f1668579695282.pdf,17
10017020018,tw.all,https://www.klfd.klcg.gov.tw/wSite/public/Attachment/023/f1668579695282.pdf,18
10017020019,tw.all,https://www.klfd.klcg.gov.tw/wSite/public/Attachment/023/f1668579695282.pdf,19
10017020020,tw.all,https://www.klfd.klcg.gov.tw/wSite/public/Attachment/023/f1668579695282.pdf,20
10017050001,tw.all,https://www.klfd.klcg.gov.tw/wSite/public/Attachment/023/f1668579696736.pdf,1
10017050002,tw.all,https://www.klfd.klcg.gov.tw/wSite/public/Attachment/023/f1668579696736.pdf,2
10017050003,tw.all,https://www.klfd.klcg.gov.tw/wSite/public/Attachment/023/f1668579696736.pdf,3
10017050004,tw.all,https://www.klfd.klcg.gov.tw/wSite/public/Attachment/023/f1668579696736.pdf,4
10017050005,tw.all,https://www.klfd.klcg.gov.tw/wSite/public/Attachment/023/f1668579696736.pdf,5
10017050006,tw.all,https://www.klfd.klcg.gov.tw/wSite/public/Attachment/023/f1668579696736.pdf,6
10017050007,tw.all,https://www.klfd.klcg.gov.tw/wSite/public/Attachment/023/f1668579696736.pdf,7
10017050008,tw.all,https://www.klfd.klcg.gov.tw/wSite/public/Attachment/023/f1668579696736.pdf,8
10017050009,tw.all,https://www.klfd.klcg.gov.tw/wSite/public/Attachment/023/f1668579696736.pdf,9
10017050010,tw.all,https://www.klfd.klcg.gov.tw/wSite/public/Attachment/023/f1668579696736.pdf,10
10017050011,tw.all,https://www.klfd.klcg.gov.tw/wSite/public/Attachment/023/f1668579696736.pdf,11
10017050012,tw.all,https://www.klfd.klcg.gov.tw/wSite/public/Attachment/023/f1668579696736.pdf,12
10017050013,tw.all,https://www.klfd.klcg.gov.tw/wSite/public/Attachment/023/f1668579696736.pdf,13
10017050014,tw.all,https://www.klfd.klcg.gov.tw/wSite/public/Attachment/023/f1668579696736.pdf,14
10017050015,tw.all,https://www.klfd.klcg.gov.tw/wSite/public/Attachment/023/f1668579696736.pdf,15
10017050016,tw.all,https://www.klfd.klcg.gov.tw/wSite/public/Attachment/023/f1668579696736.pdf,16
10017050017,tw.all,https://www.klfd.klcg.gov.tw/wSite/public/Attachment/023/f1668579696736.pdf,17
10017050018,tw.all,https://www.klfd.klcg.gov.tw/wSite/public/Attachment/023/f1668579696736.pdf,18
10017050019,tw.all,https://www.klfd.klcg.gov.tw/wSite/public/Attachment/023/f1668579696736.pdf,19
10017050020,tw.all,https://www.klfd.klcg.gov.tw/wSite/public/Attachment/023/f1668579696736.pdf,20
10017050021,tw.all,https://www.klfd.klcg.gov.tw/wSite/public/Attachment/023/f1668579696736.pdf,21
10017050022,tw.all,https://www.klfd.klcg.gov.tw/wSite/public/Attachment/023/f1668579696736.pdf,22
10017050023,tw.all,https://www.klfd.klcg.gov.tw/wSite/public/Attachment/023/f1668579696736.pdf,23
10017050024,tw.all,https://www.klfd.klcg.gov.tw/wSite/public/Attachment/023/f1668579696736.pdf,24
10017010001,tw.all,https://www.klfd.klcg.gov.tw/wSite/public/Attachment/023/f1668579704929.pdf,1
10017010002,tw.all,https://www.klfd.klcg.gov.tw/wSite/public/Attachment/023/f1668579704929.pdf,2
10017010003,tw.all,https://www.klfd.klcg.gov.tw/wSite/public/Attachment/023/f1668579704929.pdf,3
10017010004,tw.all,https://www.klfd.klcg.gov.tw/wSite/public/Attachment/023/f1668579704929.pdf,4
10017010005,tw.all,https://www.klfd.klcg.gov.tw/wSite/public/Attachment/023/f1668579704929.pdf,5
10017010006,tw.all,https://www.klfd.klcg.gov.tw/wSite/public/Attachment/023/f1668579704929.pdf,6
10017010007,tw.all,https://www.klfd.klcg.gov.tw/wSite/public/Attachment/023/f1668579704929.pdf,7
10017010008,tw.all,https://www.klfd.klcg.gov.tw/wSite/public/Attachment/023/f1668579704929.pdf,8
10017010009,tw.all,https://www.klfd.klcg.gov.tw/wSite/public/Attachment/023/f1668579704929.pdf,9
10017010010,tw.all,https://www.klfd.klcg.gov.tw/wSite/public/Attachment/023/f1668579704929.pdf,10
10017010011,tw.all,https://www.klfd.klcg.gov.tw/wSite/public/Attachment/023/f1668579704929.pdf,11
10017010012,tw.all,https://www.klfd.klcg.gov.tw/wSite/public/Attachment/023/f1668579704929.pdf,12
10017010013,tw.all,https://www.klfd.klcg.gov.tw/wSite/public/Attachment/023/f1668579704929.pdf,13
10017010014,tw.all,https://www.klfd.klcg.gov.tw/wSite/public/Attachment/023/f1668579704929.pdf,14
10017010015,tw.all,https://www.klfd.klcg.gov.tw/wSite/public/Attachment/023/f1668579704929.pdf,15
10017010016,tw.all,https://www.klfd.klcg.gov.tw/wSite/public/Attachment/023/f1668579704929.pdf,16
10017010017,tw.all,https://www.klfd.klcg.gov.tw/wSite/public/Attachment/023/f1668579704929.pdf,17
10017010018,tw.all,https://www.klfd.klcg.gov.tw/wSite/public/Attachment/023/f1668579704929.pdf,18
10017010019,tw.all,https://www.klfd.klcg.gov.tw/wSite/public/Attachment/023/f1668579704929.pdf,19
10017010020,tw.all,https://www.klfd.klcg.gov.tw/wSite/public/Attachment/023/f1668579704929.pdf,20
10017010021,tw.all,https://www.klfd.klcg.gov.tw/wSite/public/Attachment/023/f1668579704929.pdf,21
10017010022,tw.all,https://www.klfd.klcg.gov.tw/wSite/public/Attachment/023/f1668579704929.pdf,22
10017010023,tw.all,https://www.klfd.klcg.gov.tw/wSite/public/Attachment/023/f1668579704929.pdf,23
10017010024,tw.all,https://www.klfd.klcg.gov.tw/wSite/public/Attachment/023/f1668579704929.pdf,24
10017010025,tw.all,https://www.klfd.klcg.gov.tw/wSite/public/Attachment/023/f1668579704929.pdf,25
10017010026,tw.all,https://www.klfd.klcg.gov.tw/wSite/public/Attachment/023/f1668579704929.pdf,26
10017040001,tw.all,https://www.klfd.klcg.gov.tw/wSite/public/Attachment/023/f1668579706398.pdf,1
10017040002,tw.all,https://www.klfd.klcg.gov.tw/wSite/public/Attachment/023/f1668579706398.pdf,2
10017040003,tw.all,https://www.klfd.klcg.gov.tw/wSite/public/Attachment/023/f1668579706398.pdf,3
10017040004,tw.all,https://www.klfd.klcg.gov.tw/wSite/public/Attachment/023/f1668579706398.pdf,4
10017040005,tw.all,https://www.klfd.klcg.gov.tw/wSite/public/Attachment/023/f1668579706398.pdf,5
10017040006,tw.all,https://www.klfd.klcg.gov.tw/wSite/public/Attachment/023/f1668579706398.pdf,6
10017040007,tw.all,https://www.klfd.klcg.gov.tw/wSite/public/Attachment/023/f1668579706398.pdf,7
10017040008,tw.all,https://www.klfd.klcg.gov.tw/wSite/public/Attachment/023/f1668579706398.pdf,8
10017040009,tw.all,https://www.klfd.klcg.gov.tw/wSite/public/Attachment/023/f1668579706398.pdf,9
10017040010,tw.all,https://www.klfd.klcg.gov.tw/wSite/public/Attachment/023/f1668579706398.pdf,10
10017040011,tw.all,https://www.klfd.klcg.gov.tw/wSite/public/Attachment/023/f1668579706398.pdf,11
10017040012,tw.all,https://www.klfd.klcg.gov.tw/wSite/public/Attachment/023/f1668579706398.pdf,12
10017040013,tw.all,https://www.klfd.klcg.gov.tw/wSite/public/Attachment/023/f1668579706398.pdf,13
10017040014,tw.all,https://www.klfd.klcg.gov.tw/wSite/public/Attachment/023/f1668579706398.pdf,14
10017040015,tw.all,https://www.klfd.klcg.gov.tw/wSite/public/Attachment/023/f1668579706398.pdf,15
10017040016,tw.all,https://www.klfd.klcg.gov.tw/wSite/public/Attachment/023/f1668579706398.pdf,16
10017040017,tw.all,https://www.klfd.klcg.gov.tw/wSite/public/Attachment/023/f1668579706398.pdf,17
10017040018,tw.all,https://www.klfd.klcg.gov.tw/wSite/public/Attachment/023/f1668579706398.pdf,18
10017040019,tw.all,https://www.klfd.klcg.gov.tw/wSite/public/Attachment/023/f1668579706398.pdf,19
10017040020,tw.all,https://www.klfd.klcg.gov.tw/wSite/public/Attachment/023/f1668579706398.pdf,20
10017040021,tw.all,https://www.klfd.klcg.gov.tw/wSite/public/Attachment/023/f1668579706398.pdf,21
10017040022,tw.all,https://www.klfd.klcg.gov.tw/wSite/public/Attachment/023/f1668579706398.pdf,22
10017040023,tw.all,https://www.klfd.klcg.gov.tw/wSite/public/Attachment/023/f1668579706398.pdf,23
10017040024,tw.all,https://www.klfd.klcg.gov.tw/wSite/public/Attachment/023/f1668579706398.pdf,24
10017040025,tw.all,https://www.klfd.klcg.gov.tw/wSite/public/Attachment/023/f1668579706398.pdf,25
10017040026,tw.all,https://www.klfd.klcg.gov.tw/wSite/public/Attachment/023/f1668579706398.pdf,26
10017040027,tw.all,https://www.klfd.klcg.gov.tw/wSite/public/Attachment/023/f1668579706398.pdf,27
10017040028,tw.all,https://www.klfd.klcg.gov.tw/wSite/public/Attachment/023/f1668579706398.pdf,28
10017040029,tw.all,https://www.klfd.klcg.gov.tw/wSite/public/Attachment/023/f1668579706398.pdf,29
10017060001,tw.all,https://www.klfd.klcg.gov.tw/wSite/public/Attachment/023/f1668579708226.pdf,1
10017060002,tw.all,https://www.klfd.klcg.gov.tw/wSite/public/Attachment/023/f1668579708226.pdf,2
10017060003,tw.all,https://www.klfd.klcg.gov.tw/wSite/public/Attachment/023/f1668579708226.pdf,3
10017060004,tw.all,https://www.klfd.klcg.gov.tw/wSite/public/Attachment/023/f1668579708226.pdf,4
10017060005,tw.all,https://www.klfd.klcg.gov.tw/wSite/public/Attachment/023/f1668579708226.pdf,5
10017060006,tw.all,https://www.klfd.klcg.gov.tw/wSite/public/Attachment/023/f1668579708226.pdf,6
10017060007,tw.all,https://www.klfd.klcg.gov.tw/wSite/public/Attachment/023/f1668579708226.pdf,7
10017060008,tw.all,https://www.klfd.klcg.gov.tw/wSite/public/Attachment/023/f1668579708226.pdf,8
10017060009,tw.all,https://www.klfd.klcg.gov.tw/wSite/public/Attachment/023/f1668579708226.pdf,9
10017060010,tw.all,https://www.klfd.klcg.gov.tw/wSite/public/Attachment/023/f1668579708226.pdf,10
10017060011,tw.all,https://www.klfd.klcg.gov.tw/wSite/public/Attachment/023/f1668579708226.pdf,11
10017060012,tw.all,https://www.klfd.klcg.gov.tw/wSite/public/Attachment/023/f1668579708226.pdf,12
10017060013,tw.all,https://www.klfd.klcg.gov.tw/wSite/public/Attachment/023/f1668579708226.pdf,13
10017060014,tw.all,https://www.klfd.klcg.gov.tw/wSite/public/Attachment/023/f1668579708226.pdf,14
10017060015,tw.all,https://www.klfd.klcg.gov.tw/wSite/public/Attachment/023/f1668579708226.pdf,15
10017060016,tw.all,https://www.klfd.klcg.gov.tw/wSite/public/Attachment/023/f1668579708226.pdf,16
10017060017,tw.all,https://www.klfd.klcg.gov.tw/wSite/public/Attachment/023/f1668579708226.pdf,17
10017060018,tw.all,https://www.klfd.klcg.gov.tw/wSite/public/Attachment/023/f1668579708226.pdf,18
10017060019,tw.all,https://www.klfd.klcg.gov.tw/wSite/public/Attachment/023/f1668579708226.pdf,19
10017060020,tw.all,https://www.klfd.klcg.gov.tw/wSite/public/Attachment/023/f1668579708226.pdf,20
10017060021,tw.all,https://www.klfd.klcg.gov.tw/wSite/public/Attachment/023/f1668579708226.pdf,21
10017060022,tw.all,https://www.klfd.klcg.gov.tw/wSite/public/Attachment/023/f1668579708226.pdf,22
10017060023,tw.all,https://www.klfd.klcg.gov.tw/wSite/public/Attachment/023/f1668579708226.pdf,23
10017060024,tw.all,https://www.klfd.klcg.gov.tw/wSite/public/Attachment/023/f1668579708226.pdf,24
10017060025,tw.all,https://www.klfd.klcg.gov.tw/wSite/public/Attachment/023/f1668579708226.pdf,25
10017070001,tw.all,https://www.klfd.klcg.gov.tw/wSite/public/Attachment/023/f1668579709320.pdf,1
10017070002,tw.all,https://www.klfd.klcg.gov.tw/wSite/public/Attachment/023/f1668579709320.pdf,2
10017070003,tw.all,https://www.klfd.klcg.gov.tw/wSite/public/Attachment/023/f1668579709320.pdf,3
10017070004,tw.all,https://www.klfd.klcg.gov.tw/wSite/public/Attachment/023/f1668579709320.pdf,4
10017070005,tw.all,https://www.klfd.klcg.gov.tw/wSite/public/Attachment/023/f1668579709320.pdf,5
10017070006,tw.all,https://www.klfd.klcg.gov.tw/wSite/public/Attachment/023/f1668579709320.pdf,6
10017070007,tw.all,https://www.klfd.klcg.gov.tw/wSite/public/Attachment/023/f1668579709320.pdf,7
10017070008,tw.all,https://www.klfd.klcg.gov.tw/wSite/public/Attachment/023/f1668579709320.pdf,8
10017070009,tw.all,https://www.klfd.klcg.gov.tw/wSite/public/Attachment/023/f1668579709320.pdf,9
10017070010,tw.all,https://www.klfd.klcg.gov.tw/wSite/public/Attachment/023/f1668579709320.pdf,10
10017070011,tw.all,https://www.klfd.klcg.gov.tw/wSite/public/Attachment/023/f1668579709320.pdf,11
10017070012,tw.all,https://www.klfd.klcg.gov.tw/wSite/public/Attachment/023/f1668579709320.pdf,12
10017070013,tw.all,https://www.klfd.klcg.gov.tw/wSite/public/Attachment/023/f1668579709320.pdf,13
10017070014,tw.all,https://www.klfd.klcg.gov.tw/wSite/public/Attachment/023/f1668579709320.pdf,14
10017070015,tw.all,https://www.klfd.klcg.gov.tw/wSite/public/Attachment/023/f1668579709320.pdf,15
10017070016,tw.all,https://www.klfd.klcg.gov.tw/wSite/public/Attachment/023/f1668579709320.pdf,16
10017070017,tw.all,https://www.klfd.klcg.gov.tw/wSite/public/Attachment/023/f1668579709320.pdf,17
10017070018,tw.all,https://www.klfd.klcg.gov.tw/wSite/public/Attachment/023/f1668579709320.pdf,18
10017070019,tw.all,https://www.klfd.klcg.gov.tw/wSite/public/Attachment/023/f1668579709320.pdf,19
10017070020,tw.all,https://www.klfd.klcg.gov.tw/wSite/public/Attachment/023/f1668579709320.pdf,20
10017030001,tw.all,https://www.klfd.klcg.gov.tw/wSite/public/Attachment/023/f1668579710289.pdf,1
10017030002,tw.all,https://www.klfd.klcg.gov.tw/wSite/public/Attachment/023/f1668579710289.pdf,2
10017030003,tw.all,https://www.klfd.klcg.gov.tw/wSite/public/Attachment/023/f1668579710289.pdf,3
10017030004,tw.all,https://www.klfd.klcg.gov.tw/wSite/public/Attachment/023/f1668579710289.pdf,4
10017030005,tw.all,https://www.klfd.klcg.gov.tw/wSite/public/Attachment/023/f1668579710289.pdf,5
10017030006,tw.all,https://www.klfd.klcg.gov.tw/wSite/public/Attachment/023/f1668579710289.pdf,6
10017030007,tw.all,https://www.klfd.klcg.gov.tw/wSite/public/Attachment/023/f1668579710289.pdf,7
10017030008,tw.all,https://www.klfd.klcg.gov.tw/wSite/public/Attachment/023/f1668579710289.pdf,8
10017030009,tw.all,https://www.klfd.klcg.gov.tw/wSite/public/Attachment/023/f1668579710289.pdf,9
10017030010,tw.all,https://www.klfd.klcg.gov.tw/wSite/public/Attachment/023/f1668579710289.pdf,10
10017030011,tw.all,https://www.klfd.klcg.gov.tw/wSite/public/Attachment/023/f1668579710289.pdf,11
10017030012,tw.all,https://www.klfd.klcg.gov.tw/wSite/public/Attachment/023/f1668579710289.pdf,12
10017030013,tw.all,https://www.klfd.klcg.gov.tw/wSite/public/Attachment/023/f1668579710289.pdf,13
10017020001,en.all,https://www.klfd.klcg.gov.tw/wSite/public/Attachment/023/f1668579746291.pdf,1
10017020002,en.all,https://www.klfd.klcg.gov.tw/wSite/public/Attachment/023/f1668579746291.pdf,2
10017020003,en.all,https://www.klfd.klcg.gov.tw/wSite/public/Attachment/023/f1668579746291.pdf,3
10017020004,en.all,https://www.klfd.klcg.gov.tw/wSite/public/Attachment/023/f1668579746291.pdf,4
10017020005,en.all,https://www.klfd.klcg.gov.tw/wSite/public/Attachment/023/f1668579746291.pdf,5
10017020006,en.all,https://www.klfd.klcg.gov.tw/wSite/public/Attachment/023/f1668579746291.pdf,6
10017020007,en.all,https://www.klfd.klcg.gov.tw/wSite/public/Attachment/023/f1668579746291.pdf,7
10017020008,en.all,https://www.klfd.klcg.gov.tw/wSite/public/Attachment/023/f1668579746291.pdf,8
10017020009,en.all,https://www.klfd.klcg.gov.tw/wSite/public/Attachment/023/f1668579746291.pdf,9
10017020010,en.all,https://www.klfd.klcg.gov.tw/wSite/public/Attachment/023/f1668579746291.pdf,10
10017020011,en.all,https://www.klfd.klcg.gov.tw/wSite/public/Attachment/023/f1668579746291.pdf,11
10017020012,en.all,https://www.klfd.klcg.gov.tw/wSite/public/Attachment/023/f1668579746291.pdf,12
10017020013,en.all,https://www.klfd.klcg.gov.tw/wSite/public/Attachment/023/f1668579746291.pdf,13
10017020014,en.all,https://www.klfd.klcg.gov.tw/wSite/public/Attachment/023/f1668579746291.pdf,14
10017020015,en.all,https://www.klfd.klcg.gov.tw/wSite/public/Attachment/023/f1668579746291.pdf,15
10017020016,en.all,https://www.klfd.klcg.gov.tw/wSite/public/Attachment/023/f1668579746291.pdf,16
10017020017,en.all,https://www.klfd.klcg.gov.tw/wSite/public/Attachment/023/f1668579746291.pdf,17
10017020018,en.all,https://www.klfd.klcg.gov.tw/wSite/public/Attachment/023/f1668579746291.pdf,18
10017020019,en.all,https://www.klfd.klcg.gov.tw/wSite/public/Attachment/023/f1668579746291.pdf,19
10017020020,en.all,https://www.klfd.klcg.gov.tw/wSite/public/Attachment/023/f1668579746291.pdf,20
10017050001,en.all,https://www.klfd.klcg.gov.tw/wSite/public/Attachment/023/f1668579747698.pdf,1
10017050002,en.all,https://www.klfd.klcg.gov.tw/wSite/public/Attachment/023/f1668579747698.pdf,2
10017050003,en.all,https://www.klfd.klcg.gov.tw/wSite/public/Attachment/023/f1668579747698.pdf,3
10017050004,en.all,https://www.klfd.klcg.gov.tw/wSite/public/Attachment/023/f1668579747698.pdf,4
10017050005,en.all,https://www.klfd.klcg.gov.tw/wSite/public/Attachment/023/f1668579747698.pdf,5
10017050006,en.all,https://www.klfd.klcg.gov.tw/wSite/public/Attachment/023/f1668579747698.pdf,6
10017050007,en.all,https://www.klfd.klcg.gov.tw/wSite/public/Attachment/023/f1668579747698.pdf,7
10017050008,en.all,https://www.klfd.klcg.gov.tw/wSite/public/Attachment/023/f1668579747698.pdf,8
10017050009,en.all,https://www.klfd.klcg.gov.tw/wSite/public/Attachment/023/f1668579747698.pdf,9
10017050010,en.all,https://www.klfd.klcg.gov.tw/wSite/public/Attachment/023/f1668579747698.pdf,10
10017050011,en.all,https://www.klfd.klcg.gov.tw/wSite/public/Attachment/023/f1668579747698.pdf,11
10017050012,en.all,https://www.klfd.klcg.gov.tw/wSite/public/Attachment/023/f1668579747698.pdf,12
10017050013,en.all,https://www.klfd.klcg.gov.tw/wSite/public/Attachment/023/f1668579747698.pdf,13
10017050014,en.all,https://www.klfd.klcg.gov.tw/wSite/public/Attachment/023/f1668579747698.pdf,14
10017050015,en.all,https://www.klfd.klcg.gov.tw/wSite/public/Attachment/023/f1668579747698.pdf,15
10017050016,en.all,https://www.klfd.klcg.gov.tw/wSite/public/Attachment/023/f1668579747698.pdf,16
10017050017,en.all,https://www.klfd.klcg.gov.tw/wSite/public/Attachment/023/f1668579747698.pdf,17
10017050018,en.all,https://www.klfd.klcg.gov.tw/wSite/public/Attachment/023/f1668579747698.pdf,18
10017050019,en.all,https://www.klfd.klcg.gov.tw/wSite/public/Attachment/023/f1668579747698.pdf,19
10017050020,en.all,https://www.klfd.klcg.gov.tw/wSite/public/Attachment/023/f1668579747698.pdf,20
10017050021,en.all,https://www.klfd.klcg.gov.tw/wSite/public/Attachment/023/f1668579747698.pdf,21
10017050022,en.all,https://www.klfd.klcg.gov.tw/wSite/public/Attachment/023/f1668579747698.pdf,22
10017050023,en.all,https://www.klfd.klcg.gov.tw/wSite/public/Attachment/023/f1668579747698.pdf,23
10017050024,en.all,https://www.klfd.klcg.gov.tw/wSite/public/Attachment/023/f1668579747698.pdf,24
10017010001,en.all,https://www.klfd.klcg.gov.tw/wSite/public/Attachment/023/f1668579749151.pdf,1
10017010002,en.all,https://www.klfd.klcg.gov.tw/wSite/public/Attachment/023/f1668579749151.pdf,2
10017010003,en.all,https://www.klfd.klcg.gov.tw/wSite/public/Attachment/023/f1668579749151.pdf,3
10017010004,en.all,https://www.klfd.klcg.gov.tw/wSite/public/Attachment/023/f1668579749151.pdf,4
10017010005,en.all,https://www.klfd.klcg.gov.tw/wSite/public/Attachment/023/f1668579749151.pdf,5
10017010006,en.all,https://www.klfd.klcg.gov.tw/wSite/public/Attachment/023/f1668579749151.pdf,6
10017010007,en.all,https://www.klfd.klcg.gov.tw/wSite/public/Attachment/023/f1668579749151.pdf,7
10017010008,en.all,https://www.klfd.klcg.gov.tw/wSite/public/Attachment/023/f1668579749151.pdf,8
10017010009,en.all,https://www.klfd.klcg.gov.tw/wSite/public/Attachment/023/f1668579749151.pdf,9
10017010010,en.all,https://www.klfd.klcg.gov.tw/wSite/public/Attachment/023/f1668579749151.pdf,10
10017010011,en.all,https://www.klfd.klcg.gov.tw/wSite/public/Attachment/023/f1668579749151.pdf,11
10017010012,en.all,https://www.klfd.klcg.gov.tw/wSite/public/Attachment/023/f1668579749151.pdf,12
10017010013,en.all,https://www.klfd.klcg.gov.tw/wSite/public/Attachment/023/f1668579749151.pdf,13
10017010014,en.all,https://www.klfd.klcg.gov.tw/wSite/public/Attachment/023/f1668579749151.pdf,14
10017010015,en.all,https://www.klfd.klcg.gov.tw/wSite/public/Attachment/023/f1668579749151.pdf,15
10017010016,en.all,https://www.klfd.klcg.gov.tw/wSite/public/Attachment/023/f1668579749151.pdf,16
10017010017,en.all,https://www.klfd.klcg.gov.tw/wSite/public/Attachment/023/f1668579749151.pdf,17
10017010018,en.all,https://www.klfd.klcg.gov.tw/wSite/public/Attachment/023/f1668579749151.pdf,18
10017010019,en.all,https://www.klfd.klcg.gov.tw/wSite/public/Attachment/023/f1668579749151.pdf,19
10017010020,en.all,https://www.klfd.klcg.gov.tw/wSite/public/Attachment/023/f1668579749151.pdf,20
10017010021,en.all,https://www.klfd.klcg.gov.tw/wSite/public/Attachment/023/f1668579749151.pdf,21
10017010022,en.all,https://www.klfd.klcg.gov.tw/wSite/public/Attachment/023/f1668579749151.pdf,22
10017010023,en.all,https://www.klfd.klcg.gov.tw/wSite/public/Attachment/023/f1668579749151.pdf,23
10017010024,en.all,https://www.klfd.klcg.gov.tw/wSite/public/Attachment/023/f1668579749151.pdf,24
10017010025,en.all,https://www.klfd.klcg.gov.tw/wSite/public/Attachment/023/f1668579749151.pdf,25
10017010026,en.all,https://www.klfd.klcg.gov.tw/wSite/public/Attachment/023/f1668579749151.pdf,26
10017040001,en.all,https://www.klfd.klcg.gov.tw/wSite/public/Attachment/023/f1668579750729.pdf,1
10017040002,en.all,https://www.klfd.klcg.gov.tw/wSite/public/Attachment/023/f1668579750729.pdf,2
10017040003,en.all,https://www.klfd.klcg.gov.tw/wSite/public/Attachment/023/f1668579750729.pdf,3
10017040004,en.all,https://www.klfd.klcg.gov.tw/wSite/public/Attachment/023/f1668579750729.pdf,4
10017040005,en.all,https://www.klfd.klcg.gov.tw/wSite/public/Attachment/023/f1668579750729.pdf,5
10017040006,en.all,https://www.klfd.klcg.gov.tw/wSite/public/Attachment/023/f1668579750729.pdf,6
10017040007,en.all,https://www.klfd.klcg.gov.tw/wSite/public/Attachment/023/f1668579750729.pdf,7
10017040008,en.all,https://www.klfd.klcg.gov.tw/wSite/public/Attachment/023/f1668579750729.pdf,8
10017040009,en.all,https://www.klfd.klcg.gov.tw/wSite/public/Attachment/023/f1668579750729.pdf,9
10017040010,en.all,https://www.klfd.klcg.gov.tw/wSite/public/Attachment/023/f1668579750729.pdf,10
10017040011,en.all,https://www.klfd.klcg.gov.tw/wSite/public/Attachment/023/f1668579750729.pdf,11
10017040012,en.all,https://www.klfd.klcg.gov.tw/wSite/public/Attachment/023/f1668579750729.pdf,12
10017040013,en.all,https://www.klfd.klcg.gov.tw/wSite/public/Attachment/023/f1668579750729.pdf,13
10017040014,en.all,https://www.klfd.klcg.gov.tw/wSite/public/Attachment/023/f1668579750729.pdf,14
10017040015,en.all,https://www.klfd.klcg.gov.tw/wSite/public/Attachment/023/f1668579750729.pdf,15
10017040016,en.all,https://www.klfd.klcg.gov.tw/wSite/public/Attachment/023/f1668579750729.pdf,16
10017040017,en.all,https://www.klfd.klcg.gov.tw/wSite/public/Attachment/023/f1668579750729.pdf,17
10017040018,en.all,https://www.klfd.klcg.gov.tw/wSite/public/Attachment/023/f1668579750729.pdf,18
10017040019,en.all,https://www.klfd.klcg.gov.tw/wSite/public/Attachment/023/f1668579750729.pdf,19
10017040020,en.all,https://www.klfd.klcg.gov.tw/wSite/public/Attachment/023/f1668579750729.pdf,20
10017040021,en.all,https://www.klfd.klcg.gov.tw/wSite/public/Attachment/023/f1668579750729.pdf,21
10017040022,en.all,https://www.klfd.klcg.gov.tw/wSite/public/Attachment/023/f1668579750729.pdf,22
10017040023,en.all,https://www.klfd.klcg.gov.tw/wSite/public/Attachment/023/f1668579750729.pdf,23
10017040024,en.all,https://www.klfd.klcg.gov.tw/wSite/public/Attachment/023/f1668579750729.pdf,24
10017040025,en.all,https://www.klfd.klcg.gov.tw/wSite/public/Attachment/023/f1668579750729.pdf,25
10017040026,en.all,https://www.klfd.klcg.gov.tw/wSite/public/Attachment/023/f1668579750729.pdf,26
10017040028,en.all,https://www.klfd.klcg.gov.tw/wSite/public/Attachment/023/f1668579750729.pdf,27
10017040029,en.all,https://www.klfd.klcg.gov.tw/wSite/public/Attachment/023/f1668579750729.pdf,28
10017030001,en.all,https://www.klfd.klcg.gov.tw/wSite/public/Attachment/023/f1668579751964.pdf,1
10017060002,en.all,https://www.klfd.klcg.gov.tw/wSite/public/Attachment/023/f1668579751964.pdf,2
10017060003,en.all,https://www.klfd.klcg.gov.tw/wSite/public/Attachment/023/f1668579751964.pdf,3
10017060004,en.all,https://www.klfd.klcg.gov.tw/wSite/public/Attachment/023/f1668579751964.pdf,4
10017060005,en.all,https://www.klfd.klcg.gov.tw/wSite/public/Attachment/023/f1668579751964.pdf,5
10017060006,en.all,https://www.klfd.klcg.gov.tw/wSite/public/Attachment/023/f1668579751964.pdf,6
10017060007,en.all,https://www.klfd.klcg.gov.tw/wSite/public/Attachment/023/f1668579751964.pdf,7
10017060008,en.all,https://www.klfd.klcg.gov.tw/wSite/public/Attachment/023/f1668579751964.pdf,8
10017060009,en.all,https://www.klfd.klcg.gov.tw/wSite/public/Attachment/023/f1668579751964.pdf,9
10017060010,en.all,https://www.klfd.klcg.gov.tw/wSite/public/Attachment/023/f1668579751964.pdf,10
10017060011,en.all,https://www.klfd.klcg.gov.tw/wSite/public/Attachment/023/f1668579751964.pdf,11
10017060012,en.all,https://www.klfd.klcg.gov.tw/wSite/public/Attachment/023/f1668579751964.pdf,12
10017060013,en.all,https://www.klfd.klcg.gov.tw/wSite/public/Attachment/023/f1668579751964.pdf,13
10017060014,en.all,https://www.klfd.klcg.gov.tw/wSite/public/Attachment/023/f1668579751964.pdf,14
10017060015,en.all,https://www.klfd.klcg.gov.tw/wSite/public/Attachment/023/f1668579751964.pdf,15
10017060016,en.all,https://www.klfd.klcg.gov.tw/wSite/public/Attachment/023/f1668579751964.pdf,16
10017060017,en.all,https://www.klfd.klcg.gov.tw/wSite/public/Attachment/023/f1668579751964.pdf,17
10017060018,en.all,https://www.klfd.klcg.gov.tw/wSite/public/Attachment/023/f1668579751964.pdf,18
10017060019,en.all,https://www.klfd.klcg.gov.tw/wSite/public/Attachment/023/f1668579751964.pdf,19
10017060020,en.all,https://www.klfd.klcg.gov.tw/wSite/public/Attachment/023/f1668579751964.pdf,20
10017060021,en.all,https://www.klfd.klcg.gov.tw/wSite/public/Attachment/023/f1668579751964.pdf,21
10017060022,en.all,https://www.klfd.klcg.gov.tw/wSite/public/Attachment/023/f1668579751964.pdf,22
10017060023,en.all,https://www.klfd.klcg.gov.tw/wSite/public/Attachment/023/f1668579751964.pdf,23
10017060024,en.all,https://www.klfd.klcg.gov.tw/wSite/public/Attachment/023/f1668579751964.pdf,24
10017060025,en.all,https://www.klfd.klcg.gov.tw/wSite/public/Attachment/023/f1668579751964.pdf,25
10017070001,en.all,https://www.klfd.klcg.gov.tw/wSite/public/Attachment/023/f1668579753183.pdf,1
10017070002,en.all,https://www.klfd.klcg.gov.tw/wSite/public/Attachment/023/f1668579753183.pdf,2
10017070003,en.all,https://www.klfd.klcg.gov.tw/wSite/public/Attachment/023/f1668579753183.pdf,3
10017070004,en.all,https://www.klfd.klcg.gov.tw/wSite/public/Attachment/023/f1668579753183.pdf,4
10017070005,en.all,https://www.klfd.klcg.gov.tw/wSite/public/Attachment/023/f1668579753183.pdf,5
10017070006,en.all,https://www.klfd.klcg.gov.tw/wSite/public/Attachment/023/f1668579753183.pdf,6
10017070007,en.all,https://www.klfd.klcg.gov.tw/wSite/public/Attachment/023/f1668579753183.pdf,7
10017070008,en.all,https://www.klfd.klcg.gov.tw/wSite/public/Attachment/023/f1668579753183.pdf,8
10017070009,en.all,https://www.klfd.klcg.gov.tw/wSite/public/Attachment/023/f1668579753183.pdf,9
10017070010,en.all,https://www.klfd.klcg.gov.tw/wSite/public/Attachment/023/f1668579753183.pdf,10
10017070011,en.all,https://www.klfd.klcg.gov.tw/wSite/public/Attachment/023/f1668579753183.pdf,11
10017070012,en.all,https://www.klfd.klcg.gov.tw/wSite/public/Attachment/023/f1668579753183.pdf,12
10017070013,en.all,https://www.klfd.klcg.gov.tw/wSite/public/Attachment/023/f1668579753183.pdf,13
10017070014,en.all,https://www.klfd.klcg.gov.tw/wSite/public/Attachment/023/f1668579753183.pdf,14
10017070015,en.all,https://www.klfd.klcg.gov.tw/wSite/public/Attachment/023/f1668579753183.pdf,15
10017070016,en.all,https://www.klfd.klcg.gov.tw/wSite/public/Attachment/023/f1668579753183.pdf,16
10017070017,en.all,https://www.klfd.klcg.gov.tw/wSite/public/Attachment/023/f1668579753183.pdf,17
10017070018,en.all,https://www.klfd.klcg.gov.tw/wSite/public/Attachment/023/f1668579753183.pdf,18
10017070019,en.all,https://www.klfd.klcg.gov.tw/wSite/public/Attachment/023/f1668579753183.pdf,19
10017070020,en.all,https://www.klfd.klcg.gov.tw/wSite/public/Attachment/023/f1668579753183.pdf,20
10017030001,en.all,https://www.klfd.klcg.gov.tw/wSite/public/Attachment/023/f1668579753995.pdf,1
10017030002,en.all,https://www.klfd.klcg.gov.tw/wSite/public/Attachment/023/f1668579753995.pdf,2
10017030003,en.all,https://www.klfd.klcg.gov.tw/wSite/public/Attachment/023/f1668579753995.pdf,3
10017030004,en.all,https://www.klfd.klcg.gov.tw/wSite/public/Attachment/023/f1668579753995.pdf,4
10017030005,en.all,https://www.klfd.klcg.gov.tw/wSite/public/Attachment/023/f1668579753995.pdf,5
10017030006,en.all,https://www.klfd.klcg.gov.tw/wSite/public/Attachment/023/f1668579753995.pdf,6
10017030007,en.all,https://www.klfd.klcg.gov.tw/wSite/public/Attachment/023/f1668579753995.pdf,7
10017030009,en.all,https://www.klfd.klcg.gov.tw/wSite/public/Attachment/023/f1668579753995.pdf,8
10017030010,en.all,https://www.klfd.klcg.gov.tw/wSite/public/Attachment/023/f1668579753995.pdf,9
10017030011,en.all,https://www.klfd.klcg.gov.tw/wSite/public/Attachment/023/f1668579753995.pdf,10
10017030012,en.all,https://www.klfd.klcg.gov.tw/wSite/public/Attachment/023/f1668579753995.pdf,11
10017030013,en.all,https://www.klfd.klcg.gov.tw/wSite/public/Attachment/023/f1668579753995.pdf,12
63000120001,tw.all,https://www-ws.gov.taipei/001/Upload/331/relfile/15674/2529422/0a61938b-6804-4bb1-b245-47abf62b7a5f.pdf,
63000120001,en.all,https://www-ws.gov.taipei/001/Upload/331/relfile/15674/2529422/6a7d3b16-3d66-428f-a2d6-6570501bf3c0.pdf,
63000120002,tw.all,https://www-ws.gov.taipei/001/Upload/331/relfile/15674/2529422/15b2813a-ecd4-4564-b408-2326000c473e.pdf,
63000120002,en.all,https://www-ws.gov.taipei/001/Upload/331/relfile/15674/2529422/23ff4012-6cfd-4ee7-ba34-65b3db181637.pdf,
63000120003,tw.all,https://www-ws.gov.taipei/001/Upload/331/relfile/15674/2529422/b09e131d-fde5-408d-b100-10880d555764.pdf,
63000120003,en.all,https://www-ws.gov.taipei/001/Upload/331/relfile/15674/2529422/b968e736-d575-4daf-8d19-fa8fa9b3a785.pdf,
63000120004,tw.all,https://www-ws.gov.taipei/001/Upload/331/relfile/15674/2529422/35b86dbb-ac59-46cb-a924-3df045b83487.pdf,
63000120004,en.all,https://www-ws.gov.taipei/001/Upload/331/relfile/15674/2529422/b0310201-c27b-4ac3-8106-b0265bd929f3.pdf,
63000120005,tw.all,https://www-ws.gov.taipei/001/Upload/331/relfile/15674/2529422/85ef5652-f59a-4ae4-9225-f98e493a65e5.pdf,
63000120005,en.all,https://www-ws.gov.taipei/001/Upload/331/relfile/15674/2529422/0537ee2f-6ded-4849-85a5-b8bf85daaf7c.pdf,
63000120006,tw.all,https://www-ws.gov.taipei/001/Upload/331/relfile/15674/2529422/1ae81a55-ab9b-476e-8578-bede579f725e.pdf,
63000120006,en.all,https://www-ws.gov.taipei/001/Upload/331/relfile/15674/2529422/1e71a8cf-a8fa-4539-9d3a-966bd410c03b.pdf,
63000120007,tw.all,https://www-ws.gov.taipei/001/Upload/331/relfile/15674/2529422/6022557d-fd1b-4b24-a1f5-f20d003b7ac2.pdf,
63000120007,en.all,https://www-ws.gov.taipei/001/Upload/331/relfile/15674/2529422/a766ba8a-1509-4a18-9c9f-24e15ab99be7.pdf,
63000120008,tw.all,https://www-ws.gov.taipei/001/Upload/331/relfile/15674/2529422/a6888de5-e639-47be-840e-ea9659450dea.pdf,
63000120008,en.all,https://www-ws.gov.taipei/001/Upload/331/relfile/15674/2529422/82e8e197-331e-4ac0-bf79-325f8c3ce72c.pdf,
63000120009,tw.all,https://www-ws.gov.taipei/001/Upload/331/relfile/15674/2529422/f9b13f7b-1f05-4243-88d5-a505155a77a1.pdf,
63000120009,en.all,https://www-ws.gov.taipei/001/Upload/331/relfile/15674/2529422/9819915d-4770-4747-9ad2-011690ac7641.pdf,
63000120010,tw.all,https://www-ws.gov.taipei/001/Upload/331/relfile/15674/2529422/14d05b26-f68d-4b75-8295-96af76f89cec.pdf,
63000120010,en.all,https://www-ws.gov.taipei/001/Upload/331/relfile/15674/2529422/1d5c5287-6842-4358-8c33-9783a45ca53a.pdf,
63000120011,tw.all,https://www-ws.gov.taipei/001/Upload/331/relfile/15674/2529422/254363bd-a4c4-4ceb-be98-587c0b6660ca.pdf,
63000120011,en.all,https://www-ws.gov.taipei/001/Upload/331/relfile/15674/2529422/0dfa2ab7-b597-4f3e-bdce-9ae0e2fb4e27.pdf,
63000120012,tw.all,https://www-ws.gov.taipei/001/Upload/331/relfile/15674/2529422/639e87f8-c6f1-4d36-ae6a-f8ebb7210b96.pdf,
63000120012,en.all,https://www-ws.gov.taipei/001/Upload/331/relfile/15674/2529422/479ff777-97c2-4d8c-9ab6-339ca5d216f8.pdf,
63000120013,tw.all,https://www-ws.gov.taipei/001/Upload/331/relfile/15674/2529422/44bbf50c-b943-4895-a0bd-07016e02312c.pdf,
63000120013,en.all,https://www-ws.gov.taipei/001/Upload/331/relfile/15674/2529422/48bd89ea-a11e-4a27-a4d9-a6ce38889f6f.pdf,
63000120014,tw.all,https://www-ws.gov.taipei/001/Upload/331/relfile/15674/2529422/3b73800f-a074-4a99-bc3c-c13151728a53.pdf,
63000120014,en.all,https://www-ws.gov.taipei/001/Upload/331/relfile/15674/2529422/132ea321-6421-484d-8881-0fd96688de35.pdf,
63000120015,tw.all,https://www-ws.gov.taipei/001/Upload/331/relfile/15674/2529422/dce30d39-593e-4823-8e9d-9c7f6694982e.pdf,
63000120015,en.all,https://www-ws.gov.taipei/001/Upload/331/relfile/15674/2529422/dbdb5fe9-ef58-4674-af9b-23d34b233c66.pdf,
63000120016,tw.all,https://www-ws.gov.taipei/001/Upload/331/relfile/15674/2529422/5e811c65-ad85-4737-a11e-b9ca43a0d5da.pdf,
63000120016,en.all,https://www-ws.gov.taipei/001/Upload/331/relfile/15674/2529422/031c6dd5-5e55-4f29-9c24-5c6cd726354b.pdf,
63000120017,tw.all,https://www-ws.gov.taipei/001/Upload/331/relfile/15674/2529422/a976b526-b962-439b-a43b-7ffe8b73a94f.pdf,
63000120017,en.all,https://www-ws.gov.taipei/001/Upload/331/relfile/15674/2529422/346ed623-4789-4948-a016-b8ed9b34e2f4.pdf,
63000120018,tw.all,https://www-ws.gov.taipei/001/Upload/331/relfile/15674/2529422/a193d166-1219-4047-b482-3a99284efb17.pdf,
63000120018,en.all,https://www-ws.gov.taipei/001/Upload/331/relfile/15674/2529422/61f4c364-f8f1-4377-ae82-dd3d3472da24.pdf,
63000120019,tw.all,https://www-ws.gov.taipei/001/Upload/331/relfile/15674/2529422/f7d4217c-64a6-4176-ab92-bd86632d7a85.pdf,
63000120019,en.all,https://www-ws.gov.taipei/001/Upload/331/relfile/15674/2529422/f8283c9f-e89a-4c3b-977c-143894605c05.pdf,
63000120020,tw.all,https://www-ws.gov.taipei/001/Upload/331/relfile/15674/2529422/38974030-1a77-411a-9cc9-86e72d1c949c.pdf,
63000120020,en.all,https://www-ws.gov.taipei/001/Upload/331/relfile/15674/2529422/1a66a3f5-c7df-49ca-8e31-89b83243863b.pdf,
63000120021,tw.all,https://www-ws.gov.taipei/001/Upload/331/relfile/15674/2529422/39f04162-d6aa-4945-a3be-865cbc29ab96.pdf,
63000120021,en.all,https://www-ws.gov.taipei/001/Upload/331/relfile/15674/2529422/5b44c6c7-1563-4cec-b776-7e767791cab0.pdf,
63000120022,tw.all,https://www-ws.gov.taipei/001/Upload/331/relfile/15674/2529422/baa203f5-c7c6-4818-8e0a-a75453d209b4.pdf,
63000120022,en.all,https://www-ws.gov.taipei/001/Upload/331/relfile/15674/2529422/c64d704e-deb4-4db9-aed9-417326cba2a8.pdf,
63000120023,tw.all,https://www-ws.gov.taipei/001/Upload/331/relfile/15674/2529422/2ec9cb8f-4f8a-40b4-be77-3843cb93f2a0.pdf,
63000120023,en.all,https://www-ws.gov.taipei/001/Upload/331/relfile/15674/2529422/75464b05-2d85-4d7b-8347-d73d3c782354.pdf,
63000120024,tw.all,https://www-ws.gov.taipei/001/Upload/331/relfile/15674/2529422/1fa9f8ce-8bc8-47b4-ac22-76538976c7b5.pdf,
63000120024,en.all,https://www-ws.gov.taipei/001/Upload/331/relfile/15674/2529422/ad709407-352e-497c-b219-0b8d8f1c1ea5.pdf,
63000120025,tw.all,https://www-ws.gov.taipei/001/Upload/331/relfile/15674/2529422/d4e651eb-d6a8-4ea7-9847-d2750205549a.pdf,
63000120025,en.all,https://www-ws.gov.taipei/001/Upload/331/relfile/15674/2529422/edfda398-c5c9-430d-875f-d01def412ca9.pdf,
63000120026,tw.all,https://www-ws.gov.taipei/001/Upload/331/relfile/15674/2529422/15a5d60f-44dc-4261-acb0-21e8f2419620.pdf,
63000120026,en.all,https://www-ws.gov.taipei/001/Upload/331/relfile/15674/2529422/2784f660-880c-4225-9773-9966a0ddefc1.pdf,
63000120027,tw.all,https://www-ws.gov.taipei/001/Upload/331/relfile/15674/2529422/2a41a3d9-f313-487c-8f72-c73f4ca37ba9.pdf,
63000120027,en.all,https://www-ws.gov.taipei/001/Upload/331/relfile/15674/2529422/8253512a-5d61-48b3-88c2-5e689ebfa47d.pdf,
63000120028,tw.all,https://www-ws.gov.taipei/001/Upload/331/relfile/15674/2529422/abce28b5-9a24-4c69-b735-c250f2f8c554.pdf,
63000120028,en.all,https://www-ws.gov.taipei/001/Upload/331/relfile/15674/2529422/7085e6cf-3ecf-4303-953e-a5634ed70004.pdf,
63000120029,tw.all,https://www-ws.gov.taipei/001/Upload/331/relfile/15674/2529422/73de808a-5f12-4b1c-854c-47ed6575cb28.pdf,
63000120029,en.all,https://www-ws.gov.taipei/001/Upload/331/relfile/15674/2529422/3a1dd085-7254-46fb-8a7a-ce84de438995.pdf,
63000120030,tw.all,https://www-ws.gov.taipei/001/Upload/331/relfile/15674/2529422/30151ba1-4982-44a2-b215-f9f03f932a96.pdf,
63000120030,en.all,https://www-ws.gov.taipei/001/Upload/331/relfile/15674/2529422/a367a81f-b108-44e8-8042-ca92699f8c07.pdf,
63000120031,tw.all,https://www-ws.gov.taipei/001/Upload/331/relfile/15674/2529422/92d8f519-aedb-4a15-8aca-7fb0ba6a5068.pdf,
63000120031,en.all,https://www-ws.gov.taipei/001/Upload/331/relfile/15674/2529422/2ff2999b-020b-4a9d-84f4-6295a9f61be7.pdf,
63000120032,tw.all,https://www-ws.gov.taipei/001/Upload/331/relfile/15674/2529422/30a8c3ae-3de4-47ab-a55e-2b5980b133a8.pdf,
63000120032,en.all,https://www-ws.gov.taipei/001/Upload/331/relfile/15674/2529422/4ecf4753-c780-44c4-bb02-9915bd07e398.pdf,
63000120033,tw.all,https://www-ws.gov.taipei/001/Upload/331/relfile/15674/2529422/0785bf14-f55c-4aa1-8aed-6e77a965e73c.pdf,
63000120033,en.all,https://www-ws.gov.taipei/001/Upload/331/relfile/15674/2529422/2c763dce-f8f8-4c58-bf82-72fe0cada45d.pdf,
63000120034,tw.all,https://www-ws.gov.taipei/001/Upload/331/relfile/15674/2529422/6e1eb138-0abc-4332-8f48-5ad023f7ea77.pdf,
63000120034,en.all,https://www-ws.gov.taipei/001/Upload/331/relfile/15674/2529422/2683d5c2-5645-4fb6-90f7-91fcb87f67f6.pdf,
63000120035,tw.all,https://www-ws.gov.taipei/001/Upload/331/relfile/15674/2529422/ce5376a0-eae1-46bd-8f3d-5ae9981316d9.pdf,
63000120035,en.all,https://www-ws.gov.taipei/001/Upload/331/relfile/15674/2529422/8f20ab4d-e1e4-49ed-b369-5936bd334fb8.pdf,
63000120036,tw.all,https://www-ws.gov.taipei/001/Upload/331/relfile/15674/2529422/e4e96907-fbbc-401d-90a7-ec4bd71c256d.pdf,
63000120036,en.all,https://www-ws.gov.taipei/001/Upload/331/relfile/15674/2529422/25cf0e85-8462-49de-9b87-08d2a3887108.pdf,
63000120037,tw.all,https://www-ws.gov.taipei/001/Upload/331/relfile/15674/2529422/dadd2ddc-ebb2-4133-933d-fd86778a86ea.pdf,
63000120037,en.all,https://www-ws.gov.taipei/001/Upload/331/relfile/15674/2529422/95a847a5-2be5-4eaf-b4d0-18af1e95164c.pdf,
63000120038,tw.all,https://www-ws.gov.taipei/001/Upload/331/relfile/15674/2529422/a69ecedb-c0ea-49ec-a32d-03de3a9b209d.pdf,
63000120038,en.all,https://www-ws.gov.taipei/001/Upload/331/relfile/15674/2529422/3a11a4ca-a690-4a4e-a3b0-79618ab00dc5.pdf,
63000120039,tw.all,https://www-ws.gov.taipei/001/Upload/331/relfile/15674/2529422/0ba31607-86a6-4f43-bfa4-f7c01037f0a5.pdf,
63000120039,en.all,https://www-ws.gov.taipei/001/Upload/331/relfile/15674/2529422/ddbc8841-cb28-4516-9c6a-6a878af70a62.pdf,
63000120040,tw.all,https://www-ws.gov.taipei/001/Upload/331/relfile/15674/2529422/51598c29-8c91-4d33-bd47-70fec0e308a4.pdf,
63000120040,en.all,https://www-ws.gov.taipei/001/Upload/331/relfile/15674/2529422/6c516a38-fd03-4d89-b1d0-238ce309ebd6.pdf,
63000120041,tw.all,https://www-ws.gov.taipei/001/Upload/331/relfile/15674/2529422/c3fcf81c-f7a2-45aa-87ad-9bdd42f7fc3d.pdf,
63000120041,en.all,https://www-ws.gov.taipei/001/Upload/331/relfile/15674/2529422/bced389f-35d5-4d6c-98d1-c79d81f45e95.pdf,
63000120042,tw.all,https://www-ws.gov.taipei/001/Upload/331/relfile/15674/2529422/cafbd100-a435-4c36-8923-135e536f20b5.pdf,
63000120042,en.all,https://www-ws.gov.taipei/001/Upload/331/relfile/15674/2529422/08b5ec91-89dc-49b0-9424-01fb48dd42b5.pdf,
